{
  "profiles": [
    {
      "appsInfo": [
        {
          "path": "/opt/IBM/WebSphere/AppServer/profiles/FinancialProfile01/config/cells/workstationNode01Cell/applications/HomeLoan_Mortgage_war.ear/HomeLoan_Mortgage_war.ear",
          "server": "server1",
          "hasSharedLibrary": true,
          "tempPath": "/tmp/HomeLoan_Mortgage_war.ear",
          "name": "HomeLoan_Mortgage_war.ear",
          "sharedLibraries": [
            "FinCommon"
          ]
        },
        {
          "path": "/opt/IBM/WebSphere/AppServer/profiles/FinancialProfile01/config/cells/workstationNode01Cell/applications/Mortgage_Calculator01.ear/Mortgage_Calculator01.ear",
          "server": "server1",
          "hasSharedLibrary": true,
          "name": "Mortgage_Calculator01.ear",
          "sharedLibraries": [
            "FinCommon",
            "Processing",
            "Verification",
            "CalcUtilities"
          ]
        },
        {
          "path": "/opt/IBM/WebSphere/AppServer/profiles/FinancialProfile01/config/cells/workstationNode01Cell/applications/Mortgage_InterestRates_war.ear/Mortgage_InterestRates_war.ear",
          "server": "server1",
          "hasSharedLibrary": true,
          "tempPath": "/tmp/Mortgage_InterestRates_war.ear",
          "name": "Mortgage_InterestRates_war.ear",
          "sharedLibraries": [
            "FinCommon",
            "Processing",
            "Verification",
            "CalcUtilities"
          ]
        },
        {
          "path": "/opt/IBM/WebSphere/AppServer/profiles/FinancialProfile01/config/cells/workstationNode01Cell/applications/Mortgage_Calculator02_war.ear/Mortgage_Calculator02_war.ear",
          "server": "server1",
          "hasSharedLibrary": false,
          "name": "Mortgage_Calculator02_war.ear"
        },
        {
          "path": "/opt/IBM/WebSphere/AppServer/profiles/FinancialProfile01/config/cells/workstationNode01Cell/applications/Mortgage_Processing_war.ear/Mortgage_Processing_war.ear",
          "server": "server1",
          "hasSharedLibrary": true,
          "name": "Mortgage_Processing_war.ear",
          "sharedLibraries": [
            "FinCommon",
            "Processing"
          ]
        },
        {
          "path": "/opt/IBM/WebSphere/AppServer/profiles/FinancialProfile01/config/cells/workstationNode01Cell/applications/notification-ear.ear/notification-ear.ear",
          "server": "server1",
          "hasSharedLibrary": false,
          "name": "notification-ear.ear"
        },
        {
          "path": "/opt/IBM/WebSphere/AppServer/profiles/FinancialProfile01/config/cells/workstationNode01Cell/applications/portfolio-1_0_war.ear/portfolio-1_0_war.ear",
          "server": "server1",
          "hasSharedLibrary": false,
          "name": "portfolio-1_0_war.ear"
        },
        {
          "path": "/opt/IBM/WebSphere/AppServer/profiles/FinancialProfile01/config/cells/workstationNode01Cell/applications/stock-quote-1_0_war.ear/stock-quote-1_0_war.ear",
          "server": "server1",
          "hasSharedLibrary": false,
          "name": "stock-quote-1_0_war.ear"
        },
        {
          "path": "/opt/IBM/WebSphere/AppServer/profiles/FinancialProfile01/config/cells/workstationNode01Cell/applications/trader-1_0_war.ear/trader-1_0_war.ear",
          "server": "server1",
          "hasSharedLibrary": false,
          "name": "trader-1_0_war.ear"
        },
        {
          "path": "/opt/IBM/WebSphere/AppServer/profiles/FinancialProfile01/config/cells/workstationNode01Cell/applications/loyalty-level-1_0_war.ear/loyalty-level-1_0_war.ear",
          "server": "server1",
          "hasSharedLibrary": false,
          "name": "loyalty-level-1_0_war.ear"
        }
      ],
      "assessUnitNames": [
        "HomeLoan_Mortgage_war.ear",
        "Mortgage_Calculator01.ear",
        "Mortgage_InterestRates_war.ear",
        "Mortgage_Calculator02_war.ear",
        "Mortgage_Processing_war.ear",
        "loyalty-level-1_0_war.ear",
        "trader-1_0_war.ear",
        "stock-quote-1_0_war.ear",
        "portfolio-1_0_war.ear",
        "notification-ear.ear"
      ],
      "cellName": "workstationNode01Cell",
      "javaVersion": "ibm6",
      "appsFound": true,
      "archive": {
        "assessmentUnits": [
          "HomeLoan_Mortgage_war.ear",
          "Mortgage_Calculator01.ear",
          "Mortgage_InterestRates_war.ear",
          "Mortgage_Calculator02_war.ear",
          "Mortgage_Processing_war.ear",
          "loyalty-level-1_0_war.ear",
          "trader-1_0_war.ear",
          "stock-quote-1_0_war.ear",
          "portfolio-1_0_war.ear",
          "notification-ear.ear"
        ],
        "archiveType": "profile",
        "dcVersion": "1.9.2",
        "archiveName": "FinancialProfile01",
        "domain": "javaAppServer",
        "host": "workstation",
        "middleware": "was"
      },
      "webSphereVersion": "was855",
      "sharedLibraries": [
        {
          "scope": "servers:server1",
          "name": "CalcUtilities",
          "classPathEntries": [
            "/opt/IBM/WebSphere/AppServer/sharedLibraries/calc-utils-2.4.jar",
            "/opt/IBM/WebSphere/AppServer/sharedLibraries/zeper.jar"
          ]
        },
        {
          "scope": "servers:server1",
          "name": "FinCommon",
          "classPathEntries": [
            "/opt/IBM/WebSphere/AppServer/sharedLibraries/common-utils-1.5.jar",
            "/opt/IBM/WebSphere/AppServer/sharedLibraries/license.jar",
            "/opt/IBM/WebSphere/AppServer/sharedLibraries/registries.jar"
          ]
        },
        {
          "scope": "servers:server1",
          "name": "Verification",
          "classPathEntries": [
            "/opt/IBM/WebSphere/AppServer/sharedLibraries/check-4.1.jar"
          ]
        },
        {
          "scope": "servers:server1",
          "name": "Processing",
          "classPathEntries": [
            "/opt/IBM/WebSphere/AppServer/sharedLibraries/processing-utils-2.1.jar"
          ]
        },
        {
          "scope": "servers:server1",
          "name": "GUICommon",
          "classPathEntries": [
            "/opt/IBM/WebSphere/AppServer/sharedLibraries/uiUtilities.jar"
          ]
        }
      ],
      "jarsInSharedLibarary": 2,
      "isStandalone": true,
      "webSphereVariables": [
        {
          "scope": "servers:defaultZOS",
          "name": "SERVER_LOG_ROOT",
          "value": "${LOG_ROOT}/server1"
        },
        {
          "scope": "servers:DeveloperServer",
          "name": "SERVER_LOG_ROOT",
          "value": "${LOG_ROOT}/server1"
        },
        {
          "scope": "servers:DeveloperServer",
          "name": "WAS_SERVER_NAME",
          "value": "server1"
        },
        {
          "scope": "servers:nodeagent",
          "name": "WAS_SERVER_NAME",
          "value": "nodeagent"
        },
        {
          "scope": "servers:server1",
          "name": "SERVER_LOG_ROOT",
          "value": "${LOG_ROOT}/server1"
        },
        {
          "scope": "servers:server1",
          "name": "WAS_SERVER_NAME",
          "value": "server1"
        },
        {
          "scope": "nodes:workstationNode01",
          "name": "DB2_JDBC_DRIVER_PATH",
          "value": "/opt/ibm/db2/V11.1/java"
        },
        {
          "scope": "nodes:workstationNode01",
          "name": "DB2UNIVERSAL_JDBC_DRIVER_PATH",
          "value": "/opt/ibm/db2/V11.1/java"
        },
        {
          "scope": "nodes:workstationNode01",
          "name": "DB2UNIVERSAL_JDBC_DRIVER_NATIVEPATH",
          "value": "/opt/ibm/db2/V11.1/java"
        },
        {
          "scope": "nodes:workstationNode01",
          "name": "DB2_JCC_DRIVER_PATH",
          "value": "/opt/ibm/db2/V11.1/java"
        },
        {
          "scope": "nodes:workstationNode01",
          "name": "DB2_JCC_DRIVER_NATIVEPATH",
          "value": "/opt/ibm/db2/V11.1/java"
        },
        {
          "scope": "nodes:workstationNode01",
          "name": "WAS_INSTALL_ROOT",
          "value": "/opt/IBM/WebSphere/AppServer"
        },
        {
          "scope": "nodes:workstationNode01",
          "name": "USER_INSTALL_ROOT",
          "value": "/opt/IBM/WebSphere/AppServer/profiles/AppSrv01"
        },
        {
          "scope": "nodes:workstationNode01",
          "name": "WAS_LIBS_DIR",
          "value": "${WAS_INSTALL_ROOT}/lib"
        },
        {
          "scope": "nodes:workstationNode01",
          "name": "WAS_PROPS_DIR",
          "value": "${USER_INSTALL_ROOT}/properties"
        },
        {
          "scope": "nodes:workstationNode01",
          "name": "WAS_TEMP_DIR",
          "value": "${USER_INSTALL_ROOT}/temp"
        },
        {
          "scope": "nodes:workstationNode01",
          "name": "APP_INSTALL_ROOT",
          "value": "${USER_INSTALL_ROOT}/installedApps"
        },
        {
          "scope": "nodes:workstationNode01",
          "name": "LOG_ROOT",
          "value": "${USER_INSTALL_ROOT}/logs"
        },
        {
          "scope": "nodes:workstationNode01",
          "name": "DRIVER_PATH",
          "value": "${WAS_INSTALL_ROOT}"
        },
        {
          "scope": "nodes:workstationNode01",
          "name": "JAVA_HOME",
          "value": "${WAS_INSTALL_ROOT}/java"
        },
        {
          "scope": "nodes:workstationNode01",
          "name": "MQ_INSTALL_ROOT",
          "value": "${WAS_INSTALL_ROOT}/lib/WMQ"
        },
        {
          "scope": "nodes:workstationNode01",
          "name": "DEPLOY_TOOL_ROOT",
          "value": "${WAS_INSTALL_ROOT}/deploytool/itp"
        },
        {
          "scope": "nodes:workstationNode01",
          "name": "CONNECTOR_INSTALL_ROOT",
          "value": "${USER_INSTALL_ROOT}/installedConnectors"
        },
        {
          "scope": "nodes:workstationNode01",
          "name": "WAS_ETC_DIR",
          "value": "${USER_INSTALL_ROOT}/etc"
        },
        {
          "scope": "nodes:workstationNode01",
          "name": "UNIVERSAL_JDBC_DRIVER_PATH",
          "value": "${WAS_INSTALL_ROOT}/universalDriver/lib"
        },
        {
          "scope": "nodes:workstationNode01",
          "name": "DERBY_JDBC_DRIVER_PATH",
          "value": "${WAS_INSTALL_ROOT}/derby/lib"
        },
        {
          "scope": "nodes:workstationNode01",
          "name": "WAS_INSTALL_LIBRARY",
          "value": "$(was.install.library)"
        },
        {
          "scope": "nodes:workstationNode01",
          "name": "LOCALHOST_NAME",
          "value": "localhost"
        },
        {
          "scope": "cells:workstationNode01Cell",
          "name": "WAS_CELL_NAME",
          "value": "workstationNode01Cell"
        },
        {
          "scope": "cells:workstationNode01Cell",
          "name": "GRID_JOBLOG_ROOT",
          "value": "${USER_INSTALL_ROOT}"
        },
        {
          "scope": "cells:workstationNode01Cell",
          "name": "DERBY_JDBC_DRIVER_PATH",
          "value": "${WAS_INSTALL_ROOT}/derby/lib"
        },
        {
          "scope": "cells:workstationNode01Cell",
          "name": "GRID_ENDPOINT_DATASOURCE",
          "value": "jdbc/pgc"
        },
        {
          "scope": "cells:workstationNode01Cell",
          "name": "DB2UNIVERSAL_JDBC_DRIVER_PATH",
          "value": "/opt/ibm/db2/V11.1/java"
        },
        {
          "scope": "cells:workstationNode01Cell",
          "name": "DB2UNIVERSAL_JDBC_DRIVER_NATIVEPATH",
          "value": "/opt/ibm/db2/V11.1/java"
        }
      ],
      "name": "FinancialProfile01",
      "profilePath": "/opt/IBM/WebSphere/AppServer/profiles/FinancialProfile01",
      "applications": [
        "/opt/IBM/WebSphere/AppServer/profiles/FinancialProfile01/config/cells/workstationNode01Cell/applications/HomeLoan_Mortgage_war.ear/HomeLoan_Mortgage_war.ear",
        "/opt/IBM/WebSphere/AppServer/profiles/FinancialProfile01/config/cells/workstationNode01Cell/applications/Mortgage_Calculator01.ear/Mortgage_Calculator01.ear",
        "/opt/IBM/WebSphere/AppServer/profiles/FinancialProfile01/config/cells/workstationNode01Cell/applications/Mortgage_InterestRates_war.ear/Mortgage_InterestRates_war.ear",
        "/opt/IBM/WebSphere/AppServer/profiles/FinancialProfile01/config/cells/workstationNode01Cell/applications/Mortgage_Calculator02_war.ear/Mortgage_Calculator02_war.ear",
        "/opt/IBM/WebSphere/AppServer/profiles/FinancialProfile01/config/cells/workstationNode01Cell/applications/Mortgage_Processing_war.ear/Mortgage_Processing_war.ear",
        "/opt/IBM/WebSphere/AppServer/profiles/FinancialProfile01/config/cells/workstationNode01Cell/applications/notification-ear.ear/notification-ear.ear",
        "/opt/IBM/WebSphere/AppServer/profiles/FinancialProfile01/config/cells/workstationNode01Cell/applications/portfolio-1_0_war.ear/portfolio-1_0_war.ear",
        "/opt/IBM/WebSphere/AppServer/profiles/FinancialProfile01/config/cells/workstationNode01Cell/applications/stock-quote-1_0_war.ear/stock-quote-1_0_war.ear",
        "/opt/IBM/WebSphere/AppServer/profiles/FinancialProfile01/config/cells/workstationNode01Cell/applications/trader-1_0_war.ear/trader-1_0_war.ear",
        "/opt/IBM/WebSphere/AppServer/profiles/FinancialProfile01/config/cells/workstationNode01Cell/applications/loyalty-level-1_0_war.ear/loyalty-level-1_0_war.ear"

      ],
      "serverClasspath": []
    }
  ],
  "productInf": [
    {
      "buildLevel": "cf141830.01",
      "name": "IBM WebSphere Application Server Network Deployment",
      "id": "ND",
      "buildDate": "8/2/18",
      "version": "8.5.5.14"
    }
  ]
}