{
   "report": "analysis",
   "version": "1.2",
   "productVersion": "9.0",
   "productRelease": "18.0.0.2",
   "options": [
      "--sourceAppServer=was70",
      "--sourceJava=ibm6",
      "--targetAppServer=liberty",
      "--targetJava=ibm8",
      "--targetJavaEE=ee6",
      "--targetCloud=dockerIBMCloud",
      "--includePackages=com.json,com.ibm.hybrid"
   ],
   "totalRulesFlagged": 4,
   "filesAffected": 2,
   "totalResults": 5,
   "severitySummary": [
      {
         "severity": "Warning",
         "totalRulesFlagged": 4,
         "totalResults": 5
      }
   ],
   "applications": [
      "/opt/IBM/WebSphere/AppServer/profiles/AppSrv01/config/cells/workstationNode01Cell/applications/HomeLoan_Mortgage_war.ear/HomeLoan_Mortgage_war.ear"
   ],
   "rules": [
      {
         "ruleName": "Java Message Service (JMS)",
         "ruleId": "JMSRule",
         "severity": "Warning",
         "category": "Technology connectivity considerations for IBM Cloud (not Liberty Core)",
         "results": [
            {
               "fileName": "HomeLoan_Mortgage_war.ear/HomeLoan_Mortgage.war/WEB-INF/classes/com/ibm/hybrid/cloud/sample/portfolio/LoyaltyLevel.class",
               "details": [
                  {
                     "reference": "Constructor",
                     "match": "javax.jms.QueueConnectionFactory",
                     "lineNumber": 71
                  }
               ]
            }
         ]
      },
      {
         "ruleName": "The InitialContext lookup method can return primitive types",
         "ruleId": "DetectLookupMethod",
         "severity": "Warning",
         "category": "WebSphere traditional to Liberty",
         "results": [
            {
               "fileName": "HomeLoan_Mortgage_war.ear/HomeLoan_Mortgage.war/WEB-INF/classes/com/ibm/hybrid/cloud/sample/portfolio/LoyaltyLevel.class",
               "details": [
                  {
                     "reference": "Method initialize",
                     "match": "javax.naming.InitialContext.lookup(*)",
                     "lineNumber": 133
                  },
                  {
                     "reference": "Method initialize",
                     "match": "javax.naming.InitialContext.lookup(*)",
                     "lineNumber": 134
                  }
               ]
            }
         ]
      }
   ]
}