{
   "report": "analysis",
   "version": "1.2",
   "productVersion": "9.0",
   "productRelease": "18.0.0.2",
   "options": [
      "--sourceAppServer=was70",
      "--sourceJava=ibm6",
      "--targetAppServer=liberty",
      "--targetJava=ibm8",
      "--targetJavaEE=ee6",
      "--targetCloud=dockerIBMCloud",
      "--includePackages=com.json,com.ibm.hybrid"
   ],
   "totalRulesFlagged": 4,
   "filesAffected": 2,
   "totalResults": 5,
   "severitySummary": [
      {
         "severity": "Warning",
         "totalRulesFlagged": 4,
         "totalResults": 5
      }
   ],
   "applications": [
      "/opt/IBM/WebSphere/AppServer/profiles/AppSrv01/config/cells/workstationNode01Cell/applications/loyalty-level-1_0_war.ear/loyalty-level-1_0_war.ear"
   ],
   "rules": [
      {
         "ruleName": "Handling application configuration in Docker containers",
         "ruleId": "DetectPropertiesFiles",
         "severity": "Warning",
         "category": "Docker (IBM Cloud Kubernetes Service)",
         "results": [
            {
               "fileName": "loyalty-level-1_0_war.ear/loyalty-level-1.0.war/META-INF/maven/com.stocktrader/loyalty-level/pom.properties",
               "details": [
                  {
                     "reference": null,
                     "match": "(.*)?\\.properties",
                     "lineNumber": 0
                  }
               ]
            }
         ]
      },
      {
         "ruleName": "Java EE security",
         "ruleId": "ApplicationSecurityRule",
         "severity": "Warning",
         "category": "Technology connectivity considerations for IBM Cloud",
         "results": [
            {
               "fileName": "loyalty-level-1_0_war.ear/loyalty-level-1.0.war/WEB-INF/classes/com/ibm/hybrid/cloud/sample/portfolio/LoyaltyLevel.class",
               "details": [
                  {
                     "reference": "Method getLoyalty",
                     "match": "javax.servlet.http.HttpServletRequest.getRemoteUser(*)",
                     "lineNumber": 96
                  }
               ]
            }
         ]
      },
      {
         "ruleName": "Java Message Service (JMS)",
         "ruleId": "JMSRule",
         "severity": "Warning",
         "category": "Technology connectivity considerations for IBM Cloud (not Liberty Core)",
         "results": [
            {
               "fileName": "loyalty-level-1_0_war.ear/loyalty-level-1.0.war/WEB-INF/classes/com/ibm/hybrid/cloud/sample/portfolio/LoyaltyLevel.class",
               "details": [
                  {
                     "reference": "Constructor",
                     "match": "javax.jms.QueueConnectionFactory",
                     "lineNumber": 71
                  }
               ]
            }
         ]
      },
      {
         "ruleName": "The InitialContext lookup method can return primitive types",
         "ruleId": "DetectLookupMethod",
         "severity": "Warning",
         "category": "WebSphere traditional to Liberty",
         "results": [
            {
               "fileName": "loyalty-level-1_0_war.ear/loyalty-level-1.0.war/WEB-INF/classes/com/ibm/hybrid/cloud/sample/portfolio/LoyaltyLevel.class",
               "details": [
                  {
                     "reference": "Method initialize",
                     "match": "javax.naming.InitialContext.lookup(*)",
                     "lineNumber": 133
                  },
                  {
                     "reference": "Method initialize",
                     "match": "javax.naming.InitialContext.lookup(*)",
                     "lineNumber": 134
                  }
               ]
            }
         ]
      },
      {
         "ruleName": "Enterprise information systems (EIS)",
         "ruleId": "EISRule",
         "severity": "Warning",
         "category": "Technology connectivity considerations for IBM Cloud (not Liberty Core)",
         "results": [
            {
               "fileName": "itcamdemo.ear/itcamdemo.web-ws51.war/WEB-INF/lib/CTGTesterCCIEJB.jar/itso/cics/eci/j2ee/testercci/CTGTesterCCIBean.class",
               "details": [
                  {
                     "reference": "Field eciConn",
                     "match": "javax.resource.cci.Connection",
                     "lineNumber": 0
                  }
               ]
            }
         ]
      }
   ]
}