{
   "report": "analysis",
   "version": "1.2",
   "productVersion": "9.0",
   "productRelease": "18.0.0.2",
   "options": [
      "--sourceAppServer=was70",
      "--sourceJava=ibm6",
      "--targetAppServer=was90",
      "--targetJava=ibm8",
      "--targetJavaEE=ee7",
      "--targetCloud=vmIBMCloud",
      "--includePackages=com.json,com.ibm.hybrid"
   ],
   "totalRulesFlagged": 4,
   "filesAffected": 2,
   "totalResults": 4,
   "severitySummary": [
      {
         "severity": "Warning",
         "totalRulesFlagged": 4,
         "totalResults": 4
      }
   ],
   "applications": [
      "/opt/IBM/WebSphere/AppServer/profiles/AppSrv01/config/cells/workstationNode01Cell/applications/Mortgage_Calculator02_war.ear/Mortgage_Calculator02_war.ear"
   ],
   "rules": [
      {
         "ruleName": "CDI scans for implicit beans when there is no beans.xml file",
         "ruleId": "MissingBeansFile",
         "severity": "Warning",
         "category": "Java EE 7 / CDI",
         "results": [
            {
               "fileName": "Mortgage_Calculator02_war.ear/Mortgage_Calculator02.war",
               "details": [
                  {
                     "reference": null,
                     "match": ".*(\\.war|\\.jar)",
                     "lineNumber": 0
                  }
               ]
            }
         ]
      },
      {
         "ruleName": "Java API for RESTful Web Services (JAX-RS)",
         "ruleId": "DetectJAXRS",
         "severity": "Warning",
         "category": "Java EE 6 / JAX-RS 1.1",
         "results": [
            {
               "fileName": "Mortgage_Calculator02_war.ear/Mortgage_Calculator02.war/WEB-INF/classes/com/ibm/hybrid/cloud/sample/portfolio/LoyaltyLevel.class",
               "details": [
                  {
                     "reference": "Class annotation",
                     "match": "javax.ws.rs",
                     "lineNumber": 0
                  }
               ]
            }
         ]
      },
      {
         "ruleName": "Java EE security",
         "ruleId": "ApplicationSecurityRule",
         "severity": "Warning",
         "category": "Technology connectivity considerations for IBM Cloud",
         "results": [
            {
               "fileName": "Mortgage_Calculator02_war.ear/Mortgage_Calculator02.war/WEB-INF/classes/com/ibm/hybrid/cloud/sample/portfolio/LoyaltyLevel.class",
               "details": [
                  {
                     "reference": "Method getLoyalty",
                     "match": "javax.servlet.http.HttpServletRequest.getRemoteUser(*)",
                     "lineNumber": 96
                  }
               ]
            }
         ]
      },
      {
         "ruleName": "Java Message Service (JMS)",
         "ruleId": "JMSRule",
         "severity": "Warning",
         "category": "Technology connectivity considerations for IBM Cloud (not Liberty Core)",
         "results": [
            {
               "fileName": "Mortgage_Calculator02_war.ear/Mortgage_Calculator02.war/WEB-INF/classes/com/ibm/hybrid/cloud/sample/portfolio/LoyaltyLevel.class",
               "details": [
                  {
                     "reference": "Constructor",
                     "match": "javax.jms.QueueConnectionFactory",
                     "lineNumber": 71
                  }
               ]
            }
         ]
      },
      {
         "ruleName": "Enterprise information systems (EIS)",
         "ruleId": "EISRule",
         "severity": "Warning",
         "category": "Technology connectivity considerations for IBM Cloud (not Liberty Core)",
         "results": [
            {
               "fileName": "itcamdemo.ear/itcamdemo.web-ws51.war/WEB-INF/lib/CTGTesterCCIEJB.jar/itso/cics/eci/j2ee/testercci/CTGTesterCCIBean.class",
               "details": [
                  {
                     "reference": "Field eciConn",
                     "match": "javax.resource.cci.Connection",
                     "lineNumber": 0
                  }
               ]
            }
         ]
      }
   ]
}