{
   "report": "analysis",
   "version": "1.2",
   "productVersion": "9.0",
   "productRelease": "18.0.0.2",
   "options": [
      "--sourceAppServer=was70",
      "--sourceJava=ibm6",
      "--targetAppServer=liberty",
      "--targetJava=ibm8",
      "--targetJavaEE=ee6",
      "--targetCloud=dockerIBMCloud",
      "--includePackages=com.json,com.ibm.hybrid"
   ],
   "totalRulesFlagged": 4,
   "filesAffected": 2,
   "totalResults": 5,
   "severitySummary": [
      {
         "severity": "Warning",
         "totalRulesFlagged": 4,
         "totalResults": 5
      }
   ],
   "applications": [
      "/opt/IBM/WebSphere/AppServer/profiles/FinancialProfile01/config/cells/workstationNode01Cell/applications/Mortgage_Processing_war.ear/Mortgage_Processing_war.ear"
   ],
   "rules": [
      {
         "ruleName": "Java API for XML-based RPC (JAX-RPC) is unavailable",
         "severity": "Severe",
         "category": "Java Technology Support for Liberty",
         "results": [
            {
               "fileName": "HealthServices.ear/HealthServices.war/WEB-INF/webservices.xml",
               "details": [
                  {
                     "reference": null,
                     "match": "jaxrpc-mapping-file",
                     "lineNumber": 6
                  },
                  {
                     "reference": null,
                     "match": "jaxrpc-mapping-file",
                     "lineNumber": 22
                  }
               ]
            }
         ]
      },
      {
         "ruleName": "Validate the URL host and port for cloud access",
         "severity": "Warning",
         "category": "Connectivity considerations for IBM Cloud",
         "results": [
            {
               "fileName": "HealthServices.ear/HealthServices.war/WEB-INF/wsdl/HealthCareAccountService.wsdl",
               "details": [
                  {
                     "reference": null,
                     "match": "address.location=http://localhost:9081/HealthServices/services/HealthCareAccountService",
                     "lineNumber": 169
                  }
               ]
            },
            {
               "fileName": "HealthServices.ear/HealthServices.war/WEB-INF/wsdl/DoctorCodeBlue.wsdl",
               "details": [
                  {
                     "reference": null,
                     "match": "address.location=http://localhost:9081/HealthServices/services/DoctorCodeBlue",
                     "lineNumber": 70
                  }
               ]
            }
         ]
      }
   ]
}