{
  "archiveType": "profile",
  "dcVersion": "1.9.2",
  "archiveName": "FinancialProfile01",
  "domain": "javaAppServer",
  "host": "workstation",
  "rawDependencies": [
    {
      "identifier": {
        "queueManager": "MORTGAGES",
        "queues": [
          "DAILY.RATES",
          "LOAN.PROCESSING",
          "CALCULATING.INPUT",
          "CALCULATING.OUTPUT"
        ]
      },
      "archiveType": "installation",
      "domain": "messaging",
      "assessmentUnitName": "MORTGAGES",
      "middleware": "mq"
    },
    {
      "identifier": {
        "profile": "FinancialProfile01",
        "sharedLibraryName": "FinCommon",
        "assessmentUnitName": "FinCommon-common-utils-1.5.jar"
      },
      "archiveType": "sharedLibrary",
      "domain": "java",
      "assessmentUnitName": "FinCommon-common-utils-1.5.jar",
      "middleware": "was"
    },
    {
      "identifier": {
        "profile": "FinancialProfile01",
        "sharedLibraryName": "CalcUtilities",
        "assessmentUnitName": "CalcUtilities-calc-utils-2.4.jar"
      },
      "archiveType": "sharedLibrary",
      "domain": "java",
      "assessmentUnitName": "CalcUtilities-calc-utils-2.4.jar",
      "middleware": "was"
    },
    {
      "identifier": {
        "profile": "FinancialProfile01",
        "sharedLibraryName": "CalcUtilities",
        "assessmentUnitName": "CalcUtilities-zeper.jar"
      },
      "archiveType": "sharedLibrary",
      "domain": "java",
      "assessmentUnitName": "CalcUtilities-zeper.jar",
      "middleware": "was"
    },
    {
      "identifier": {
        "profile": "FinancialProfile01",
        "sharedLibraryName": "Verification",
        "assessmentUnitName": "Verification-check-4.1.jar"
      },
      "archiveType": "sharedLibrary",
      "domain": "java",
      "assessmentUnitName": "Verification-check-4.1.jar",
      "middleware": "was"
    },
    {
      "identifier": {
        "profile": "FinancialProfile01",
        "sharedLibraryName": "Processing",
        "assessmentUnitName": "Processing-processing-utils-2.1.jar"
      },
      "archiveType": "sharedLibrary",
      "domain": "java",
      "assessmentUnitName": "Processing-processing-utils-2.1.jar",
      "middleware": "was"
    },
    {
      "identifier": {
        "profile": "FinancialProfile01",
        "sharedLibraryName": "FinCommon",
        "assessmentUnitName": "FinCommon-license.jar"
      },
      "archiveType": "sharedLibrary",
      "domain": "java",
      "assessmentUnitName": "FinCommon-license.jar",
      "middleware": "was"
    },
    {
      "identifier": {
        "profile": "FinancialProfile01",
        "sharedLibraryName": "GUICommon",
        "assessmentUnitName": "GUICommon-uiUtilities.jar"
      },
      "archiveType": "sharedLibrary",
      "domain": "java",
      "assessmentUnitName": "GUICommon-uiUtilities.jar",
      "middleware": "was"
    },    {
      "identifier": {
        "profile": "FinancialProfile01",
        "sharedLibraryName": "FinCommon",
        "assessmentUnitName": "FinCommon-registries.jar"
      },
      "archiveType": "sharedLibrary",
      "domain": "java",
      "assessmentUnitName": "FinCommon-registries.jar",
      "middleware": "was"
    }
  ],
  "assessmentUnitName": "Mortgage_Calculator01.ear",
  "middleware": "was",
  "serverXml": {
    "server": {
      "applicationManager": {
        "autoExpand": true
      },
      "featureManager": {
        "feature": [
          "jsp-2.3",
          "servlet-3.1",
          "wmqJmsClient-2.0",
          "mdb-3.2",
          "jdbc-4.1",
          "javaMail-1.5"
        ]
      },
      "httpEndpoint": {
        "httpPort": 9080,
        "host": "*",
        "id": "defaultHttpEndpoint",
        "httpsPort": 9443
      },
      "variable": [
        {
          "name": "DERBY_JDBC_DRIVER_PATH",
          "value": "/config/lib"
        },
        {
          "name": "UNIVERSAL_JDBC_DRIVER_PATH",
          "value": "/config/lib"
        },
        {
          "name": "DB2UNIVERSAL_JDBC_DRIVER_NATIVEPATH",
          "value": "/opt/ibm/db2/V11.1/java"
        },
        {
          "name": "DB2UNIVERSAL_JDBC_DRIVER_PATH",
          "value": "/opt/ibm/db2/V11.1/java"
        },
        {
          "name": "wmqJmsClient.rar.location",
          "value": "/path/to/wmq/rar/wmq.jmsra.rar"
        }
      ]
    }
  }
}