{
  "archiveType": "profile",
  "dcVersion": "1.9.2",
  "archiveName": "FinancialProfile01",
  "domain": "javaAppServer",
  "host": "workstation",
  "rawDependencies": [
    {
      "identifier": {
        "queueManager": "ECB.RATES",
        "queues": [
          "DAILY"
        ]
      },
      "archiveType": "installation",
      "domain": "messaging",
      "assessmentUnitName": "ECB.RATES",
      "middleware": "mq"
    }
  ],
  "assessmentUnitName": "Mortgage_Calculator02_war.ear",
  "middleware": "was",
  "serverXml": {
    "server": {
      "applicationManager": {
        "autoExpand": true
      },
      "featureManager": {
        "feature": [
          "jsp-2.3",
          "servlet-3.1",
          "wmqJmsClient-2.0",
          "mdb-3.2",
          "jdbc-4.1",
          "javaMail-1.5"
        ]
      },
      "httpEndpoint": {
        "httpPort": 9080,
        "host": "*",
        "id": "defaultHttpEndpoint",
        "httpsPort": 9443
      },
      "variable": [
        {
          "name": "DERBY_JDBC_DRIVER_PATH",
          "value": "/config/lib"
        },
        {
          "name": "UNIVERSAL_JDBC_DRIVER_PATH",
          "value": "/config/lib"
        },
        {
          "name": "DB2UNIVERSAL_JDBC_DRIVER_NATIVEPATH",
          "value": "/opt/ibm/db2/V11.1/java"
        },
        {
          "name": "DB2UNIVERSAL_JDBC_DRIVER_PATH",
          "value": "/opt/ibm/db2/V11.1/java"
        },
        {
          "name": "wmqJmsClient.rar.location",
          "value": "/path/to/wmq/rar/wmq.jmsra.rar"
        }
      ]
    }
  }
}