<?xml version="1.0" encoding="UTF-8" standalone="no"?>
<server>
	<!--These elements have been identified from this application's configuration.-->
	<featureManager>
		<feature>jsp-2.3</feature>
		<feature>servlet-3.1</feature>
		<feature>jndi-1.0</feature>
		<feature>ssl-1.0</feature>
		<feature>appSecurity-2.0</feature>
		<feature>jdbc-4.2</feature>
	    <feature>localConnector-1.0</feature>
	</featureManager>
	
    <!--These elements are from the profile level configuration. Not all of them may be necessary for your application.-->
    <!--<jmsQueue id="NotificationQ" jndiName="jms/Portfolio/NotificationQueue">
        <properties.wmqJms CCSID="1208" baseQueueManagerName="MQ9Inst" baseQueueName="NOTIFICATIONQ" expiry="APP" failIfQuiesce="true" persistence="APP" priority="APP" putAsyncAllowed="DESTINATION" readAheadAllowed="DESTINATION" readAheadClosePolicy="ALL" receiveCCSID="1208" receiveConversion="QMGR" targetClient="JMS"/>
    </jmsQueue>--><!--<jmsActivationSpec id="NotificationMDBSpec" jndiName="Notification/NotificationEJB/NotificationMDB">
        <properties.wmqJms channel="SYSTEM.ADMIN.SVRCONN" destinationRef="jms/Portfolio/NotificationQueue" destinationType="javax.jms.Queue" hostName="10.0.0.3" port="1514" queueManager="MQ9Inst" transportType="BINDINGS_THEN_CLIENT"/>
    </jmsActivationSpec>--><!--<jmsQueueConnectionFactory id="NotificationQCF" jndiName="jms/Portfolio/NotificationQueueConnectionFactory">
        <properties.wmqJms channel="SYSTEM.ADMIN.SVRCONN" hostName="10.0.0.3" port="1514" queueManager="MQ9Inst"/>
    </jmsQueueConnectionFactory>--><!--<dataSource containerAuthDataRef="workstationNode01/portfolio" id="PortfolioDB" jdbcDriverRef="DB2_Universal_JDBC_Driver_Provider" jndiName="jdbc/Portfolio/PortfolioDB">
        <properties.db2.jcc beginTranForResultSetScrollingAPIs="false" beginTranForVendorAPIs="false" connectionSharing="1" databaseName="Sample" enableClientInformation="false" enableMultithreadedAccessDetection="false" errorDetectionModel="ExceptionMapping" jmsOnePhaseOptimization="false" name="PortfolioDB" nonTransactionalDataSource="false" portNumber="50001" preTestSQLString="SELECT CURRENT SQLID FROM SYSIBM.SYSDUMMY1" propagateClientIdentityUsingTrustedContext="false" reauthentication="false" retrieveMessagesFromServerOnGetMessage="true" serverName="10.0.0.3" traceLevel="-1" unbindClientRerouteListFromJndi="false" useTransactionRedirect="false" validateNewConnection="false" validateNewConnectionRetryCount="100" validateNewConnectionRetryInterval="3"/>
        <connectionManager agedTimeout="0" connectionTimeout="180" maxIdleTime="1800" maxPoolSize="50" minPoolSize="0" reapTime="180"/>
    </dataSource>--><!--<mailSession description="" from="dan@banta.info" jndiName="mail/StockTraderMailSession" mailSessionID="StockTrader Mail Client">
        <property name="mail.smtp.host" value="smtp.gmail.com"/>
        <property name="mail.smtp.user" value="dan@banta.info"/>
        <property name="mail.smtp.password" value="gqzupwfewcrpsnxa"/>
    </mailSession>--><!--<jdbcDriver id="DB2_Universal_JDBC_Driver_Provider" javax.sql.DataSource="com.ibm.db2.jcc.DB2ConnectionPoolDataSource">
        <library>
            <file name="${DB2UNIVERSAL_JDBC_DRIVER_PATH}/db2jcc.jar"/>
            <file name="${UNIVERSAL_JDBC_DRIVER_PATH}/db2jcc_license_cu.jar"/>
            <file name="${DB2UNIVERSAL_JDBC_DRIVER_PATH}/db2jcc_license_cisuz.jar"/>
        </library>
    </jdbcDriver>--><!--<authData id="workstationNode01/portfolio" password="???" user="db2inst2"/>-->

    <jmsQueue id="queue" jndiName="jms/queue">
        <properties.wmqJms CCSID="1208" baseQueueManagerName="DAILY.RATES" baseQueueName="Q_dailyRates" expiry="APP" failIfQuiesce="true" persistence="APP" priority="APP" putAsyncAllowed="DESTINATION" readAheadAllowed="DESTINATION" readAheadClosePolicy="ALL" receiveCCSID="1208" receiveConversion="QMGR" targetClient="JMS"/>
    </jmsQueue>

    <jmsQueueConnectionFactory id="connectionFactory" jndiName="jms/connectionFactory">
        <properties.wmqJms channel="C_DRCH01" hostName="workstation.x.y.com" port="1414" queueManager="DAILY.RATES"/>
    </jmsQueueConnectionFactory>

	<httpEndpoint host="*" httpPort="9080" httpsPort="9443" id="defaultHttpEndpoint"/>
	
	<jdbcDriver id="MySQLProv" javax.sql.DataSource="com.mysql.cj.jdbc.MysqlConnectionPoolDataSource">
	        <library>
	<!-- <file name="/opt/IBM/WebSphere/AppServer/profiles/Bumblebee01/config/cells/KieranTADevNode02Cell/nodes/KieranTADevNode02/servers/server1/mysql/mysql-connector-java-8.0.15.jar"/> -->
	            <file name="${shared.config.dir}/lib/global/mysqlconnectorjava8.0.15.jar"/>
	        </library>
	</jdbcDriver>
	
	<!-- <variable name="DERBY_JDBC_DRIVER_PATH" value="${WAS_INSTALL_ROOT}/derby/lib"/> -->
	<dataSource id="TangoDB" jdbcDriverRef="MySQLProv" jndiName="jdbc/MortIntrestRatesDB">
	        <properties URL="jdbc:mysql://workstation.x.y.com:3306/pets"/>
	        <containerAuthData password="???" user="???"/>
	        <connectionManager agedTimeout="0" connectionTimeout="180" maxIdleTime="1800" maxPoolSize="10" minPoolSize="0" reapTime="180"/>
	</dataSource>
    
	<variable name="DERBY_JDBC_DRIVER_PATH" value="${shared.config.dir}/lib/global"/>

	<applicationManager autoExpand="true"/>
	
	<applicationMonitor updateTrigger="mbean"/>
		
    <application id="Mortgage_InterestRates_war" location="Mortgage_InterestRates_war-1.0.0.war" name="Mortgage_InterestRates_war" type="war"/>
</server>
