{
   "report": "analysis",
   "version": "1.2",
   "productVersion": "9.0",
   "productRelease": "18.0.0.2",
   "options": [
      "--sourceAppServer=was70",
      "--sourceJava=ibm6",
      "--targetAppServer=was90",
      "--targetJava=ibm8",
      "--targetJavaEE=ee7",
      "--targetCloud=vmIBMCloud",
      "--includePackages=com.json,com.ibm.hybrid"
   ],
   "totalRulesFlagged": 3,
   "filesAffected": 2,
   "totalResults": 3,
   "severitySummary": [
      {
         "severity": "Warning",
         "totalRulesFlagged": 3,
         "totalResults": 3
      }
   ],
   "applications": [
      "/opt/IBM/WebSphere/AppServer/profiles/AppSrv01/config/cells/workstationNode01Cell/applications/notification-ear.ear/notification-ear.ear"
   ],
   "rules": [
      {
         "ruleName": "CDI scans for implicit beans when there is no beans.xml file",
         "ruleId": "MissingBeansFile",
         "severity": "Warning",
         "category": "Java EE 7 / CDI",
         "results": [
            {
               "fileName": "notification-ear.ear/NotificationEJB.jar",
               "details": [
                  {
                     "reference": null,
                     "match": ".*(\\.war|\\.jar)",
                     "lineNumber": 0
                  }
               ]
            }
         ]
      },
      {
         "ruleName": "JavaMail server",
         "ruleId": "MailServerRule",
         "severity": "Warning",
         "category": "Technology connectivity considerations for IBM Cloud",
         "results": [
            {
               "fileName": "notification-ear.ear/NotificationEJB.jar/com/ibm/hybrid/cloud/sample/portfolio/NotificationMDB.class",
               "details": [
                  {
                     "reference": "Constructor",
                     "match": "javax.mail",
                     "lineNumber": 59
                  }
               ]
            }
         ]
      },
      {
         "ruleName": "Message-Driven Beans (MDB)",
         "ruleId": "MDBRule",
         "severity": "Warning",
         "category": "Technology connectivity considerations for IBM Cloud (not Liberty Core)",
         "results": [
            {
               "fileName": "notification-ear.ear/NotificationEJB.jar/com/ibm/hybrid/cloud/sample/portfolio/NotificationMDB.class",
               "details": [
                  {
                     "reference": "Class annotation",
                     "match": "javax.ejb.ActivationConfigProperty",
                     "lineNumber": 0
                  }
               ]
            }
         ]
      }
   ]
}