{
  "archiveType": "profile",
  "dcVersion": "1.9.2",
  "archiveName": "AppSrv01",
  "domain": "javaAppServer",
  "host": "workstation",
  "rawDependencies": [
    {
      "identifier": {
        "queueManager": "MQ9Inst",
        "queues": [
          "NOTIFICATIONQ"
        ]
      },
      "archiveType": "installation",
      "domain": "messaging",
      "assessmentUnitName": "MQ9Inst",
      "middleware": "mq"
    }
  ],
  "assessmentUnitName": "notification-ear.ear",
  "middleware": "was",
  "serverXml": {
    "server": {
      "applicationManager": {
        "autoExpand": true
      },
      "mailSession": {
        "mailSessionID": "StockTrader Mail Client",
        "property": [
          {
            "name": "mail.smtp.host",
            "value": "smtp.gmail.com"
          },
          {
            "name": "mail.smtp.user",
            "value": "dan@banta.info"
          },
          {
            "name": "mail.smtp.password",
            "value": "gqzupwfewcrpsnxa"
          }
        ],
        "description": "",
        "from": "dan@banta.info",
        "jndiName": "mail/StockTraderMailSession"
      },
      "featureManager": {
        "feature": [
          "jsp-2.3",
          "wmqJmsClient-2.0",
          "mdb-3.2",
          "jdbc-4.1",
          "javaMail-1.5"
        ]
      },
      "httpEndpoint": {
        "httpPort": 9080,
        "host": "*",
        "id": "defaultHttpEndpoint",
        "httpsPort": 9443
      },
      "variable": [
        {
          "name": "DERBY_JDBC_DRIVER_PATH",
          "value": "/config/lib"
        },
        {
          "name": "UNIVERSAL_JDBC_DRIVER_PATH",
          "value": "/config/lib"
        },
        {
          "name": "DB2UNIVERSAL_JDBC_DRIVER_NATIVEPATH",
          "value": "/opt/ibm/db2/V11.1/java"
        },
        {
          "name": "DB2UNIVERSAL_JDBC_DRIVER_PATH",
          "value": "/opt/ibm/db2/V11.1/java"
        },
        {
          "name": "wmqJmsClient.rar.location",
          "value": "/path/to/wmq/rar/wmq.jmsra.rar"
        }
      ],
      "jmsActivationSpec": {
        "properties.wmqJms": {
          "hostName": "10.0.0.3",
          "queueManager": "MQ9Inst",
          "port": 1514,
          "channel": "SYSTEM.ADMIN.SVRCONN",
          "destinationType": "javax.jms.Queue",
          "transportType": "BINDINGS_THEN_CLIENT",
          "destinationRef": "jms/Portfolio/NotificationQueue"
        },
        "id": "NotificationMDBSpec",
        "jndiName": "Notification/NotificationEJB/NotificationMDB"
      },
      "jmsQueue": {
        "properties.wmqJms": {
          "CCSID": 1208,
          "baseQueueName": "NOTIFICATIONQ",
          "failIfQuiesce": true,
          "readAheadClosePolicy": "ALL",
          "receiveCCSID": 1208,
          "priority": "APP",
          "baseQueueManagerName": "MQ9Inst",
          "putAsyncAllowed": "DESTINATION",
          "readAheadAllowed": "DESTINATION",
          "receiveConversion": "QMGR",
          "persistence": "APP",
          "targetClient": "JMS",
          "expiry": "APP"
        },
        "id": "NotificationQ",
        "jndiName": "jms/Portfolio/NotificationQueue"
      }
    }
  }
}