{
   "report": "analysis",
   "version": "1.2",
   "productVersion": "9.0",
   "productRelease": "18.0.0.2",
   "options": [
      "--sourceAppServer=was70",
      "--sourceJava=ibm6",
      "--targetAppServer=liberty",
      "--targetJava=ibm8",
      "--targetJavaEE=ee6",
      "--targetCloud=dockerIBMCloud",
      "--includePackages=com.json,com.ibm.hybrid"
   ],
   "totalRulesFlagged": 4,
   "filesAffected": 3,
   "totalResults": 5,
   "severitySummary": [
      {
         "severity": "Warning",
         "totalRulesFlagged": 4,
         "totalResults": 5
      }
   ],
   "applications": [
      "/opt/IBM/WebSphere/AppServer/profiles/AppSrv01/config/cells/workstationNode01Cell/applications/notification-ear.ear/notification-ear.ear"
   ],
   "rules": [
      {
         "ruleName": "Handling application configuration in Docker containers",
         "ruleId": "DetectPropertiesFiles",
         "severity": "Warning",
         "category": "Docker (IBM Cloud Kubernetes Service)",
         "results": [
            {
               "fileName": "notification-ear.ear/META-INF/maven/com.stocktrader.notification/notification-ear/pom.properties",
               "details": [
                  {
                     "reference": null,
                     "match": "(.*)?\\.properties",
                     "lineNumber": 0
                  }
               ]
            },
            {
               "fileName": "notification-ear.ear/NotificationEJB.jar/META-INF/maven/com.stocktrader.notification/notification-ejb/pom.properties",
               "details": [
                  {
                     "reference": null,
                     "match": "(.*)?\\.properties",
                     "lineNumber": 0
                  }
               ]
            }
         ]
      },
      {
         "ruleName": "JavaMail server",
         "ruleId": "MailServerRule",
         "severity": "Warning",
         "category": "Technology connectivity considerations for IBM Cloud",
         "results": [
            {
               "fileName": "notification-ear.ear/NotificationEJB.jar/com/ibm/hybrid/cloud/sample/portfolio/NotificationMDB.class",
               "details": [
                  {
                     "reference": "Constructor",
                     "match": "javax.mail",
                     "lineNumber": 59
                  }
               ]
            }
         ]
      },
      {
         "ruleName": "Message-Driven Beans (MDB)",
         "ruleId": "MDBRule",
         "severity": "Warning",
         "category": "Technology connectivity considerations for IBM Cloud (not Liberty Core)",
         "results": [
            {
               "fileName": "notification-ear.ear/NotificationEJB.jar/com/ibm/hybrid/cloud/sample/portfolio/NotificationMDB.class",
               "details": [
                  {
                     "reference": "Class annotation",
                     "match": "javax.ejb.ActivationConfigProperty",
                     "lineNumber": 0
                  }
               ]
            }
         ]
      },
      {
         "ruleName": "The InitialContext lookup method can return primitive types",
         "ruleId": "DetectLookupMethod",
         "severity": "Warning",
         "category": "WebSphere traditional to Liberty",
         "results": [
            {
               "fileName": "notification-ear.ear/NotificationEJB.jar/com/ibm/hybrid/cloud/sample/portfolio/NotificationMDB.class",
               "details": [
                  {
                     "reference": "Method initialize",
                     "match": "javax.naming.InitialContext.lookup(*)",
                     "lineNumber": 80
                  }
               ]
            }
         ]
      }
   ]
}