<?xml version="1.0" encoding="UTF-8" standalone="no"?>
<server>
<!--These elements have been identified from this application's configuration.-->
<featureManager>
        <feature>jsp-2.3</feature>
        <feature>wmqJmsClient-2.0</feature>
        <feature>mdb-3.2</feature>
        <feature>jdbc-4.1</feature>
        <feature>javaMail-1.5</feature>
    </featureManager>
<httpEndpoint host="*" httpPort="9080" httpsPort="9443" id="defaultHttpEndpoint"/>
<jmsQueue id="NotificationQ" jndiName="jms/Portfolio/NotificationQueue">
        <properties.wmqJms CCSID="1208" baseQueueManagerName="MQ9Inst" baseQueueName="NOTIFICATIONQ" expiry="APP" failIfQuiesce="true" persistence="APP" priority="APP" putAsyncAllowed="DESTINATION" readAheadAllowed="DESTINATION" readAheadClosePolicy="ALL" receiveCCSID="1208" receiveConversion="QMGR" targetClient="JMS"/>
    </jmsQueue>
<jmsActivationSpec id="NotificationMDBSpec" jndiName="Notification/NotificationEJB/NotificationMDB">
        <properties.wmqJms channel="SYSTEM.ADMIN.SVRCONN" destinationRef="jms/Portfolio/NotificationQueue" destinationType="javax.jms.Queue" hostName="10.0.0.3" port="1514" queueManager="MQ9Inst" transportType="BINDINGS_THEN_CLIENT"/>
    </jmsActivationSpec>
<!-- <variable name="DERBY_JDBC_DRIVER_PATH" value="${WAS_INSTALL_ROOT}/derby/lib"/> -->
<variable name="DERBY_JDBC_DRIVER_PATH" value="/config/lib"/>
<!-- <variable name="UNIVERSAL_JDBC_DRIVER_PATH" value="${WAS_INSTALL_ROOT}/universalDriver/lib"/> -->
<variable name="UNIVERSAL_JDBC_DRIVER_PATH" value="/config/lib"/>
<variable name="DB2UNIVERSAL_JDBC_DRIVER_NATIVEPATH" value="/opt/ibm/db2/V11.1/java"/>
<variable name="DB2UNIVERSAL_JDBC_DRIVER_PATH" value="/opt/ibm/db2/V11.1/java"/>
<variable name="wmqJmsClient.rar.location" value="/path/to/wmq/rar/wmq.jmsra.rar"/>
<mailSession description="" from="dan@banta.info" jndiName="mail/StockTraderMailSession" mailSessionID="StockTrader Mail Client">
        <property name="mail.smtp.host" value="smtp.gmail.com"/>
        <property name="mail.smtp.user" value="dan@banta.info"/>
        <property name="mail.smtp.password" value="gqzupwfewcrpsnxa"/>
    </mailSession>
<applicationManager autoExpand="true"/>
<!--These elements are from the profile level configuration. Not all of them may be necessary for your application.-->
<!--<jmsQueueConnectionFactory id="NotificationQCF" jndiName="jms/Portfolio/NotificationQueueConnectionFactory">
        <properties.wmqJms channel="SYSTEM.ADMIN.SVRCONN" hostName="10.0.0.3" port="1514" queueManager="MQ9Inst"/>
    </jmsQueueConnectionFactory>--><!--<dataSource containerAuthDataRef="workstationNode01/portfolio" id="PortfolioDB" jdbcDriverRef="DB2_Universal_JDBC_Driver_Provider" jndiName="jdbc/Portfolio/PortfolioDB">
        <properties.db2.jcc beginTranForResultSetScrollingAPIs="false" beginTranForVendorAPIs="false" connectionSharing="1" databaseName="Sample" enableClientInformation="false" enableMultithreadedAccessDetection="false" errorDetectionModel="ExceptionMapping" jmsOnePhaseOptimization="false" name="PortfolioDB" nonTransactionalDataSource="false" portNumber="50001" preTestSQLString="SELECT CURRENT SQLID FROM SYSIBM.SYSDUMMY1" propagateClientIdentityUsingTrustedContext="false" reauthentication="false" retrieveMessagesFromServerOnGetMessage="true" serverName="10.0.0.3" traceLevel="-1" unbindClientRerouteListFromJndi="false" useTransactionRedirect="false" validateNewConnection="false" validateNewConnectionRetryCount="100" validateNewConnectionRetryInterval="3"/>
        <connectionManager agedTimeout="0" connectionTimeout="180" maxIdleTime="1800" maxPoolSize="50" minPoolSize="0" reapTime="180"/>
    </dataSource>--><!--<jdbcDriver id="DB2_Universal_JDBC_Driver_Provider" javax.sql.DataSource="com.ibm.db2.jcc.DB2ConnectionPoolDataSource">
        <library>
            <file name="${DB2UNIVERSAL_JDBC_DRIVER_PATH}/db2jcc.jar"/>
            <file name="${UNIVERSAL_JDBC_DRIVER_PATH}/db2jcc_license_cu.jar"/>
            <file name="${DB2UNIVERSAL_JDBC_DRIVER_PATH}/db2jcc_license_cisuz.jar"/>
        </library>
    </jdbcDriver>--><!--<authData id="workstationNode01/portfolio" password="???" user="db2inst2"/>--></server>
