{
  "archiveType": "profile",
  "dcVersion": "1.9.2",
  "archiveName": "AppSrv01",
  "domain": "javaAppServer",
  "host": "workstation",
  "rawDependencies": [
    {
      "identifier": {
        "profile": "AppSrv01",
        "sharedLibraryName": "sharedLib",
        "assessmentUnitName": "sharedLib-javax.json-1.0.4.jar"
      },
      "archiveType": "sharedLibrary",
      "domain": "java",
      "assessmentUnitName": "sharedLib-javax.json-1.0.4.jar",
      "middleware": "was"
    },
    {
      "identifier": {
        "queueManager": "MQ9Inst",
        "queues": [
          "NOTIFICATIONQ"
        ]
      },
      "archiveType": "installation",
      "domain": "messaging",
      "assessmentUnitName": "MQ9Inst",
      "middleware": "mq"
    }
  ],
  "assessmentUnitName": "portfolio-1_0_war.ear",
  "middleware": "was",
  "serverXml": {
    "server": {
      "applicationManager": {
        "autoExpand": true
      },
      "jdbcDriver": {
        "library": {
          "file": [
            {
              "name": "/config/lib/db2jcc.jar"
            },
            {
              "name": "/config/lib/db2jcc_license_cu.jar"
            },
            {
              "name": "/config/lib/db2jcc_license_cisuz.jar"
            }
          ]
        },
        "javax.sql.DataSource": "com.ibm.db2.jcc.DB2ConnectionPoolDataSource",
        "id": "DB2_Universal_JDBC_Driver_Provider"
      },
      "featureManager": {
        "feature": [
          "jsp-2.3",
          "servlet-3.1",
          "wmqJmsClient-2.0",
          "mdb-3.2",
          "cdi-1.2",
          "jdbc-4.1",
          "javaMail-1.5"
        ]
      },
      "authData": {
        "password": "???",
        "id": "workstationNode01/portfolio",
        "user": "db2inst2"
      },
      "jmsQueueConnectionFactory": {
        "properties.wmqJms": {
          "hostName": "10.0.0.3",
          "queueManager": "MQ9Inst",
          "port": 1514,
          "channel": "SYSTEM.ADMIN.SVRCONN"
        },
        "id": "NotificationQCF",
        "jndiName": "jms/Portfolio/NotificationQueueConnectionFactory"
      },
      "httpEndpoint": {
        "httpPort": 9080,
        "host": "*",
        "id": "defaultHttpEndpoint",
        "httpsPort": 9443
      },
      "variable": [
        {
          "name": "DERBY_JDBC_DRIVER_PATH",
          "value": "/config/lib"
        },
        {
          "name": "UNIVERSAL_JDBC_DRIVER_PATH",
          "value": "/config/lib"
        },
        {
          "name": "DB2UNIVERSAL_JDBC_DRIVER_NATIVEPATH",
          "value": "/opt/ibm/db2/V11.1/java"
        },
        {
          "name": "DB2UNIVERSAL_JDBC_DRIVER_PATH",
          "value": "/opt/ibm/db2/V11.1/java"
        },
        {
          "name": "wmqJmsClient.rar.location",
          "value": "/path/to/wmq/rar/wmq.jmsra.rar"
        }
      ],
      "jmsQueue": {
        "properties.wmqJms": {
          "CCSID": 1208,
          "baseQueueName": "NOTIFICATIONQ",
          "failIfQuiesce": true,
          "readAheadClosePolicy": "ALL",
          "receiveCCSID": 1208,
          "priority": "APP",
          "baseQueueManagerName": "MQ9Inst",
          "putAsyncAllowed": "DESTINATION",
          "readAheadAllowed": "DESTINATION",
          "receiveConversion": "QMGR",
          "persistence": "APP",
          "targetClient": "JMS",
          "expiry": "APP"
        },
        "id": "NotificationQ",
        "jndiName": "jms/Portfolio/NotificationQueue"
      },
      "dataSource": {
        "containerAuthDataRef": "workstationNode01/portfolio",
        "connectionManager": {
          "minPoolSize": 0,
          "maxIdleTime": 1800,
          "reapTime": 180,
          "agedTimeout": 0,
          "connectionTimeout": 180,
          "maxPoolSize": 50
        },
        "jdbcDriverRef": "DB2_Universal_JDBC_Driver_Provider",
        "id": "PortfolioDB",
        "properties.db2.jcc": {
          "beginTranForVendorAPIs": false,
          "unbindClientRerouteListFromJndi": false,
          "databaseName": "Sample",
          "jmsOnePhaseOptimization": false,
          "reauthentication": false,
          "serverName": "10.0.0.3",
          "preTestSQLString": "SELECT CURRENT SQLID FROM SYSIBM.SYSDUMMY1",
          "traceLevel": -1,
          "portNumber": 50001,
          "useTransactionRedirect": false,
          "validateNewConnection": false,
          "enableClientInformation": false,
          "errorDetectionModel": "ExceptionMapping",
          "nonTransactionalDataSource": false,
          "validateNewConnectionRetryInterval": 3,
          "name": "PortfolioDB",
          "propagateClientIdentityUsingTrustedContext": false,
          "retrieveMessagesFromServerOnGetMessage": true,
          "beginTranForResultSetScrollingAPIs": false,
          "enableMultithreadedAccessDetection": false,
          "connectionSharing": 1,
          "validateNewConnectionRetryCount": 100
        },
        "jndiName": "jdbc/Portfolio/PortfolioDB"
      }
    }
  }
}