{
   "report": "analysis",
   "version": "1.2",
   "productVersion": "9.0",
   "productRelease": "18.0.0.2",
   "options": [
      "--sourceAppServer=was70",
      "--sourceJava=ibm6",
      "--targetAppServer=was90",
      "--targetJava=ibm8",
      "--targetJavaEE=ee7",
      "--targetCloud=vmIBMCloud",
      "--includePackages=com.json,com.ibm.hybrid"
   ],
   "totalRulesFlagged": 7,
   "filesAffected": 3,
   "totalResults": 10,
   "severitySummary": [
      {
         "severity": "Warning",
         "totalRulesFlagged": 6,
         "totalResults": 9
      },
      {
         "severity": "Information",
         "totalRulesFlagged": 1,
         "totalResults": 1
      }
   ],
   "applications": [
      "/opt/IBM/WebSphere/AppServer/profiles/AppSrv01/config/cells/workstationNode01Cell/applications/portfolio-1_0_war.ear/portfolio-1_0_war.ear"
   ],
   "rules": [
      {
         "ruleName": "CDI scans for implicit beans when there is no beans.xml file",
         "ruleId": "MissingBeansFile",
         "severity": "Warning",
         "category": "Java EE 7 / CDI",
         "results": [
            {
               "fileName": "portfolio-1_0_war.ear/portfolio-1.0.war",
               "details": [
                  {
                     "reference": null,
                     "match": ".*(\\.war|\\.jar)",
                     "lineNumber": 0
                  }
               ]
            }
         ]
      },
      {
         "ruleName": "Check for a behavior change for URLConnection, HttpURLConnection getInputStream method",
         "ruleId": "JREUrlConnectionGetInputStream",
         "severity": "Information",
         "category": "Java SE version migration / Java SE 7 compatibility impacts",
         "results": [
            {
               "fileName": "portfolio-1_0_war.ear/portfolio-1.0.war/WEB-INF/classes/com/ibm/hybrid/cloud/sample/portfolio/Portfolio.class",
               "details": [
                  {
                     "reference": "Method invokeREST",
                     "match": "java.net.HttpURLConnection.getInputStream(*)",
                     "lineNumber": 374
                  }
               ]
            }
         ]
      },
      {
         "ruleName": "Databases",
         "ruleId": "DatabasesSQLRule",
         "severity": "Warning",
         "category": "Technology connectivity considerations for IBM Cloud",
         "results": [
            {
               "fileName": "portfolio-1_0_war.ear/portfolio-1.0.war/WEB-INF/classes/com/ibm/hybrid/cloud/sample/portfolio/Portfolio.class",
               "details": [
                  {
                     "reference": "Constructor",
                     "match": "javax.sql",
                     "lineNumber": 95
                  }
               ]
            }
         ]
      },
      {
         "ruleName": "Java API for RESTful Web Services (JAX-RS)",
         "ruleId": "DetectJAXRS",
         "severity": "Warning",
         "category": "Java EE 6 / JAX-RS 1.1",
         "results": [
            {
               "fileName": "portfolio-1_0_war.ear/portfolio-1.0.war/WEB-INF/classes/com/ibm/hybrid/cloud/sample/portfolio/Portfolio.class",
               "details": [
                  {
                     "reference": "Class annotation",
                     "match": "javax.ws.rs",
                     "lineNumber": 0
                  }
               ]
            }
         ]
      },
      {
         "ruleName": "Java EE security",
         "ruleId": "ApplicationSecurityRule",
         "severity": "Warning",
         "category": "Technology connectivity considerations for IBM Cloud",
         "results": [
            {
               "fileName": "portfolio-1_0_war.ear/portfolio-1.0.war/WEB-INF/web.xml",
               "details": [
                  {
                     "reference": null,
                     "match": "security-constraint",
                     "lineNumber": 20
                  }
               ]
            }
         ]
      },
      {
         "ruleName": "Java Message Service (JMS)",
         "ruleId": "JMSRule",
         "severity": "Warning",
         "category": "Technology connectivity considerations for IBM Cloud (not Liberty Core)",
         "results": [
            {
               "fileName": "portfolio-1_0_war.ear/portfolio-1.0.war/WEB-INF/classes/com/ibm/hybrid/cloud/sample/portfolio/Portfolio.class",
               "details": [
                  {
                     "reference": "Constructor",
                     "match": "javax.jms.QueueConnectionFactory",
                     "lineNumber": 103
                  }
               ]
            }
         ]
      },
      {
         "ruleName": "Validate the URL host and port for cloud access",
         "ruleId": "URLRuleDockerCloud",
         "severity": "Warning",
         "category": "Connectivity considerations for IBM Cloud (Docker and WebSphere in IBM Cloud)",
         "results": [
            {
               "fileName": "portfolio-1_0_war.ear/portfolio-1.0.war/WEB-INF/classes/com/ibm/hybrid/cloud/sample/portfolio/Portfolio.class",
               "details": [
                  {
                     "reference": "Field LOYALTY_SERVICE",
                     "match": "http://localhost:9080/loyalty-level",
                     "lineNumber": 0
                  },
                  {
                     "reference": "Field QUOTE_SERVICE",
                     "match": "http://localhost:9080/stock-quote",
                     "lineNumber": 0
                  },
                  {
                     "reference": "Method getPortfolio",
                     "match": "http://localhost:9080/loyalty-level?owner=",
                     "lineNumber": 245
                  },
                  {
                     "reference": "Method getPortfolio",
                     "match": "http://localhost:9080/stock-quote/",
                     "lineNumber": 205
                  }
               ]
            }
         ]
      },
      {
         "ruleName": "Do not use the HttpSession invalidate method for programmatic security logout in Servlet 3.0",
         "severity": "Warning",
         "category": "Java EE 6 / Servlet 3.0",
         "results": [
            {
               "fileName": "AC2U_CFM_ServicingPNR_int1f1.ear/ServicingPNR.war/WEB-INF/classes/com/ac2u/spnr/action/SignOutAction.class",
               "details": [
                  {
                     "reference": "Method execute",
                     "match": "javax.servlet.http.HttpSession.invalidate(*)",
                     "lineNumber": 51
                  },
                  {
                     "reference": "Method execute",
                     "match": "javax.servlet.http.HttpSession.invalidate(*)",
                     "lineNumber": 56
                  },
                  {
                     "reference": "Method execute",
                     "match": "javax.servlet.http.HttpSession.invalidate(*)",
                     "lineNumber": 66
                  },
                  {
                     "reference": "Method execute",
                     "match": "javax.servlet.http.HttpSession.invalidate(*)",
                     "lineNumber": 75
                  }
               ]
            }
         ]
      }
   ]
}