{
   "report": "analysis",
   "version": "1.2",
   "productVersion": "9.0",
   "productRelease": "18.0.0.2",
   "options": [
      "--sourceAppServer=was70",
      "--sourceJava=ibm6",
      "--targetAppServer=was90",
      "--targetJava=ibm8",
      "--targetJavaEE=ee7",
      "--targetCloud=vmIBMCloud",
      "--includePackages=com.json,com.ibm.hybrid"
   ],
   "totalRulesFlagged": 6,
   "filesAffected": 4,
   "totalResults": 7,
   "severitySummary": [
      {
         "severity": "Warning",
         "totalRulesFlagged": 4,
         "totalResults": 5
      },
      {
         "severity": "Information",
         "totalRulesFlagged": 2,
         "totalResults": 2
      }
   ],
   "applications": [
      "/opt/IBM/WebSphere/AppServer/profiles/AppSrv01/config/cells/workstationNode01Cell/applications/stock-quote-1_0_war.ear/stock-quote-1_0_war.ear"
   ],
   "rules": [
      {
         "ruleName": "Behavior change in month name formatting for some languages",
         "ruleId": "MonthFormattingNames",
         "severity": "Information",
         "category": "Java SE version migration / Java SE 8 compatibility impacts",
         "results": [
            {
               "fileName": "stock-quote-1_0_war.ear/stock-quote-1.0.war/WEB-INF/classes/com/ibm/hybrid/cloud/sample/portfolio/StockQuote.class",
               "details": [
                  {
                     "reference": "Method getTestQuote",
                     "match": "java.text.SimpleDateFormat.format(*)",
                     "lineNumber": 274
                  }
               ]
            }
         ]
      },
      {
         "ruleName": "CDI scans for implicit beans when there is no beans.xml file",
         "ruleId": "MissingBeansFile",
         "severity": "Warning",
         "category": "Java EE 7 / CDI",
         "results": [
            {
               "fileName": "stock-quote-1_0_war.ear/stock-quote-1.0.war",
               "details": [
                  {
                     "reference": null,
                     "match": ".*(\\.war|\\.jar)",
                     "lineNumber": 0
                  }
               ]
            },
            {
               "fileName": "stock-quote-1_0_war.ear/stock-quote-1.0.war/WEB-INF/lib/javax.json-1.0.4.jar",
               "details": [
                  {
                     "reference": null,
                     "match": ".*(\\.war|\\.jar)",
                     "lineNumber": 0
                  }
               ]
            }
         ]
      },
      {
         "ruleName": "Check for a behavior change for URLConnection, HttpURLConnection getInputStream method",
         "ruleId": "JREUrlConnectionGetInputStream",
         "severity": "Information",
         "category": "Java SE version migration / Java SE 7 compatibility impacts",
         "results": [
            {
               "fileName": "stock-quote-1_0_war.ear/stock-quote-1.0.war/WEB-INF/classes/com/ibm/hybrid/cloud/sample/portfolio/StockQuote.class",
               "details": [
                  {
                     "reference": "Method invokeREST",
                     "match": "java.net.HttpURLConnection.getInputStream(*)",
                     "lineNumber": 296
                  }
               ]
            }
         ]
      },
      {
         "ruleName": "Java API for RESTful Web Services (JAX-RS)",
         "ruleId": "DetectJAXRS",
         "severity": "Warning",
         "category": "Java EE 6 / JAX-RS 1.1",
         "results": [
            {
               "fileName": "stock-quote-1_0_war.ear/stock-quote-1.0.war/WEB-INF/classes/com/ibm/hybrid/cloud/sample/portfolio/StockQuote.class",
               "details": [
                  {
                     "reference": "Class annotation",
                     "match": "javax.ws.rs",
                     "lineNumber": 0
                  }
               ]
            }
         ]
      },
      {
         "ruleName": "Java EE security",
         "ruleId": "ApplicationSecurityRule",
         "severity": "Warning",
         "category": "Technology connectivity considerations for IBM Cloud",
         "results": [
            {
               "fileName": "stock-quote-1_0_war.ear/stock-quote-1.0.war/WEB-INF/web.xml",
               "details": [
                  {
                     "reference": null,
                     "match": "security-constraint",
                     "lineNumber": 4
                  }
               ]
            }
         ]
      },
      {
         "ruleName": "Validate the URL host and port for cloud access",
         "ruleId": "URLRuleDockerCloud",
         "severity": "Warning",
         "category": "Connectivity considerations for IBM Cloud (Docker and WebSphere in IBM Cloud)",
         "results": [
            {
               "fileName": "stock-quote-1_0_war.ear/stock-quote-1.0.war/WEB-INF/classes/com/ibm/hybrid/cloud/sample/portfolio/StockQuote.class",
               "details": [
                  {
                     "reference": "Method getStockQuote",
                     "match": "https://www.quandl.com/api/v3/datasets/WIKI/",
                     "lineNumber": 175
                  }
               ]
            }
         ]
      }
   ]
}