{
   "report": "analysis",
   "version": "1.2",
   "productVersion": "9.0",
   "productRelease": "18.0.0.2",
   "options": [
      "--sourceAppServer=was70",
      "--sourceJava=ibm6",
      "--targetAppServer=was90",
      "--targetJava=ibm8",
      "--targetJavaEE=ee7",
      "--targetCloud=vmIBMCloud",
      "--includePackages=com.json,com.ibm.hybrid"
   ],
   "totalRulesFlagged": 7,
   "filesAffected": 38,
   "totalResults": 53,
   "severitySummary": [
      {
         "severity": "Severe",
         "totalRulesFlagged": 1,
         "totalResults": 9
      },
      {
         "severity": "Warning",
         "totalRulesFlagged": 4,
         "totalResults": 39
      },
      {
         "severity": "Information",
         "totalRulesFlagged": 2,
         "totalResults": 5
      }
   ],
   "applications": [
      "/opt/IBM/WebSphere/AppServer/profiles/AppSrv01/config/cells/workstationNode01Cell/applications/trader-1_0_war.ear/trader-1_0_war.ear"
   ],
   "rules": [
      {
         "ruleName": "Behavior change in rounding in NumberFormat and DecimalFormat format methods",
         "ruleId": "NumberFormatRounding",
         "severity": "Information",
         "category": "Java SE version migration / Java SE 8 compatibility impacts",
         "results": [
            {
               "fileName": "trader-1_0_war.ear/trader-1.0.war/WEB-INF/classes/com/ibm/hybrid/cloud/sample/portfolio/Summary.class",
               "details": [
                  {
                     "reference": "Method getTableRows",
                     "match": "java.text.NumberFormat.format(double)",
                     "lineNumber": 187
                  }
               ]
            },
            {
               "fileName": "trader-1_0_war.ear/trader-1.0.war/WEB-INF/classes/com/ibm/hybrid/cloud/sample/portfolio/ViewPortfolio.class",
               "details": [
                  {
                     "reference": "Method doGet",
                     "match": "java.text.NumberFormat.format(double)",
                     "lineNumber": 106
                  },
                  {
                     "reference": "Method getTableRows",
                     "match": "java.text.NumberFormat.format(double)",
                     "lineNumber": 147
                  },
                  {
                     "reference": "Method getTableRows",
                     "match": "java.text.NumberFormat.format(double)",
                     "lineNumber": 148
                  }
               ]
            }
         ]
      },
      {
         "ruleName": "CDI scans for implicit beans when there is no beans.xml file",
         "ruleId": "MissingBeansFile",
         "severity": "Warning",
         "category": "Java EE 7 / CDI",
         "results": [
            {
               "fileName": "trader-1_0_war.ear/trader-1.0.war",
               "details": [
                  {
                     "reference": null,
                     "match": ".*(\\.war|\\.jar)",
                     "lineNumber": 0
                  }
               ]
            },
            {
               "fileName": "trader-1_0_war.ear/trader-1.0.war/WEB-INF/lib/aether-api-1.7.jar",
               "details": [
                  {
                     "reference": null,
                     "match": ".*(\\.war|\\.jar)",
                     "lineNumber": 0
                  }
               ]
            },
            {
               "fileName": "trader-1_0_war.ear/trader-1.0.war/WEB-INF/lib/aether-impl-1.7.jar",
               "details": [
                  {
                     "reference": null,
                     "match": ".*(\\.war|\\.jar)",
                     "lineNumber": 0
                  }
               ]
            },
            {
               "fileName": "trader-1_0_war.ear/trader-1.0.war/WEB-INF/lib/aether-spi-1.7.jar",
               "details": [
                  {
                     "reference": null,
                     "match": ".*(\\.war|\\.jar)",
                     "lineNumber": 0
                  }
               ]
            },
            {
               "fileName": "trader-1_0_war.ear/trader-1.0.war/WEB-INF/lib/aether-util-1.7.jar",
               "details": [
                  {
                     "reference": null,
                     "match": ".*(\\.war|\\.jar)",
                     "lineNumber": 0
                  }
               ]
            },
            {
               "fileName": "trader-1_0_war.ear/trader-1.0.war/WEB-INF/lib/commons-codec-1.11.jar",
               "details": [
                  {
                     "reference": null,
                     "match": ".*(\\.war|\\.jar)",
                     "lineNumber": 0
                  }
               ]
            },
            {
               "fileName": "trader-1_0_war.ear/trader-1.0.war/WEB-INF/lib/commons-io-2.5.jar",
               "details": [
                  {
                     "reference": null,
                     "match": ".*(\\.war|\\.jar)",
                     "lineNumber": 0
                  }
               ]
            },
            {
               "fileName": "trader-1_0_war.ear/trader-1.0.war/WEB-INF/lib/javax.json-1.0.4.jar",
               "details": [
                  {
                     "reference": null,
                     "match": ".*(\\.war|\\.jar)",
                     "lineNumber": 0
                  }
               ]
            },
            {
               "fileName": "trader-1_0_war.ear/trader-1.0.war/WEB-INF/lib/maven-aether-provider-3.0.jar",
               "details": [
                  {
                     "reference": null,
                     "match": ".*(\\.war|\\.jar)",
                     "lineNumber": 0
                  }
               ]
            },
            {
               "fileName": "trader-1_0_war.ear/trader-1.0.war/WEB-INF/lib/maven-artifact-3.0.jar",
               "details": [
                  {
                     "reference": null,
                     "match": ".*(\\.war|\\.jar)",
                     "lineNumber": 0
                  }
               ]
            },
            {
               "fileName": "trader-1_0_war.ear/trader-1.0.war/WEB-INF/lib/maven-artifact-transfer-0.10.0.jar",
               "details": [
                  {
                     "reference": null,
                     "match": ".*(\\.war|\\.jar)",
                     "lineNumber": 0
                  }
               ]
            },
            {
               "fileName": "trader-1_0_war.ear/trader-1.0.war/WEB-INF/lib/maven-common-artifact-filters-3.0.1.jar",
               "details": [
                  {
                     "reference": null,
                     "match": ".*(\\.war|\\.jar)",
                     "lineNumber": 0
                  }
               ]
            },
            {
               "fileName": "trader-1_0_war.ear/trader-1.0.war/WEB-INF/lib/maven-core-3.0.jar",
               "details": [
                  {
                     "reference": null,
                     "match": ".*(\\.war|\\.jar)",
                     "lineNumber": 0
                  }
               ]
            },
            {
               "fileName": "trader-1_0_war.ear/trader-1.0.war/WEB-INF/lib/maven-deploy-plugin-3.0.0-M1.jar",
               "details": [
                  {
                     "reference": null,
                     "match": ".*(\\.war|\\.jar)",
                     "lineNumber": 0
                  }
               ]
            },
            {
               "fileName": "trader-1_0_war.ear/trader-1.0.war/WEB-INF/lib/maven-model-3.0.jar",
               "details": [
                  {
                     "reference": null,
                     "match": ".*(\\.war|\\.jar)",
                     "lineNumber": 0
                  }
               ]
            },
            {
               "fileName": "trader-1_0_war.ear/trader-1.0.war/WEB-INF/lib/maven-model-builder-3.0.jar",
               "details": [
                  {
                     "reference": null,
                     "match": ".*(\\.war|\\.jar)",
                     "lineNumber": 0
                  }
               ]
            },
            {
               "fileName": "trader-1_0_war.ear/trader-1.0.war/WEB-INF/lib/maven-plugin-api-3.0.jar",
               "details": [
                  {
                     "reference": null,
                     "match": ".*(\\.war|\\.jar)",
                     "lineNumber": 0
                  }
               ]
            },
            {
               "fileName": "trader-1_0_war.ear/trader-1.0.war/WEB-INF/lib/maven-repository-metadata-3.0.jar",
               "details": [
                  {
                     "reference": null,
                     "match": ".*(\\.war|\\.jar)",
                     "lineNumber": 0
                  }
               ]
            },
            {
               "fileName": "trader-1_0_war.ear/trader-1.0.war/WEB-INF/lib/maven-settings-3.0.jar",
               "details": [
                  {
                     "reference": null,
                     "match": ".*(\\.war|\\.jar)",
                     "lineNumber": 0
                  }
               ]
            },
            {
               "fileName": "trader-1_0_war.ear/trader-1.0.war/WEB-INF/lib/maven-settings-builder-3.0.jar",
               "details": [
                  {
                     "reference": null,
                     "match": ".*(\\.war|\\.jar)",
                     "lineNumber": 0
                  }
               ]
            },
            {
               "fileName": "trader-1_0_war.ear/trader-1.0.war/WEB-INF/lib/maven-shared-utils-3.1.0.jar",
               "details": [
                  {
                     "reference": null,
                     "match": ".*(\\.war|\\.jar)",
                     "lineNumber": 0
                  }
               ]
            },
            {
               "fileName": "trader-1_0_war.ear/trader-1.0.war/WEB-INF/lib/plexus-cipher-1.4.jar",
               "details": [
                  {
                     "reference": null,
                     "match": ".*(\\.war|\\.jar)",
                     "lineNumber": 0
                  }
               ]
            },
            {
               "fileName": "trader-1_0_war.ear/trader-1.0.war/WEB-INF/lib/plexus-classworlds-2.2.3.jar",
               "details": [
                  {
                     "reference": null,
                     "match": ".*(\\.war|\\.jar)",
                     "lineNumber": 0
                  }
               ]
            },
            {
               "fileName": "trader-1_0_war.ear/trader-1.0.war/WEB-INF/lib/plexus-component-annotations-1.5.5.jar",
               "details": [
                  {
                     "reference": null,
                     "match": ".*(\\.war|\\.jar)",
                     "lineNumber": 0
                  }
               ]
            },
            {
               "fileName": "trader-1_0_war.ear/trader-1.0.war/WEB-INF/lib/plexus-interpolation-1.14.jar",
               "details": [
                  {
                     "reference": null,
                     "match": ".*(\\.war|\\.jar)",
                     "lineNumber": 0
                  }
               ]
            },
            {
               "fileName": "trader-1_0_war.ear/trader-1.0.war/WEB-INF/lib/plexus-sec-dispatcher-1.3.jar",
               "details": [
                  {
                     "reference": null,
                     "match": ".*(\\.war|\\.jar)",
                     "lineNumber": 0
                  }
               ]
            },
            {
               "fileName": "trader-1_0_war.ear/trader-1.0.war/WEB-INF/lib/plexus-utils-3.1.0.jar",
               "details": [
                  {
                     "reference": null,
                     "match": ".*(\\.war|\\.jar)",
                     "lineNumber": 0
                  }
               ]
            },
            {
               "fileName": "trader-1_0_war.ear/trader-1.0.war/WEB-INF/lib/sisu-guice-2.1.7-noaop.jar",
               "details": [
                  {
                     "reference": null,
                     "match": ".*(\\.war|\\.jar)",
                     "lineNumber": 0
                  }
               ]
            },
            {
               "fileName": "trader-1_0_war.ear/trader-1.0.war/WEB-INF/lib/sisu-inject-bean-1.4.2.jar",
               "details": [
                  {
                     "reference": null,
                     "match": ".*(\\.war|\\.jar)",
                     "lineNumber": 0
                  }
               ]
            },
            {
               "fileName": "trader-1_0_war.ear/trader-1.0.war/WEB-INF/lib/sisu-inject-plexus-1.4.2.jar",
               "details": [
                  {
                     "reference": null,
                     "match": ".*(\\.war|\\.jar)",
                     "lineNumber": 0
                  }
               ]
            },
            {
               "fileName": "trader-1_0_war.ear/trader-1.0.war/WEB-INF/lib/slf4j-api-1.7.5.jar",
               "details": [
                  {
                     "reference": null,
                     "match": ".*(\\.war|\\.jar)",
                     "lineNumber": 0
                  }
               ]
            }
         ]
      },
      {
         "ruleName": "Check for a behavior change for URLConnection, HttpURLConnection getInputStream method",
         "ruleId": "JREUrlConnectionGetInputStream",
         "severity": "Information",
         "category": "Java SE version migration / Java SE 7 compatibility impacts",
         "results": [
            {
               "fileName": "trader-1_0_war.ear/trader-1.0.war/WEB-INF/classes/com/ibm/hybrid/cloud/sample/portfolio/PortfolioServices.class",
               "details": [
                  {
                     "reference": "Method invokeREST",
                     "match": "java.net.HttpURLConnection.getInputStream(*)",
                     "lineNumber": 116
                  }
               ]
            }
         ]
      },
      {
         "ruleName": "Check for a behavior change on the sendRedirect method",
         "ruleId": "SendRedirectBehaviorChange",
         "severity": "Severe",
         "category": "Java EE 7 / Servlet 3.1",
         "results": [
            {
               "fileName": "trader-1_0_war.ear/trader-1.0.war/WEB-INF/classes/com/ibm/hybrid/cloud/sample/portfolio/AddPortfolio.class",
               "details": [
                  {
                     "reference": "Method doPost",
                     "match": "javax.servlet.http.HttpServletResponse.sendRedirect(java.lang.String)",
                     "lineNumber": 81
                  }
               ]
            },
            {
               "fileName": "trader-1_0_war.ear/trader-1.0.war/WEB-INF/classes/com/ibm/hybrid/cloud/sample/portfolio/AddStock.class",
               "details": [
                  {
                     "reference": "Method doPost",
                     "match": "javax.servlet.http.HttpServletResponse.sendRedirect(java.lang.String)",
                     "lineNumber": 98
                  }
               ]
            },
            {
               "fileName": "trader-1_0_war.ear/trader-1.0.war/WEB-INF/classes/com/ibm/hybrid/cloud/sample/portfolio/Error.class",
               "details": [
                  {
                     "reference": "Method doPost",
                     "match": "javax.servlet.http.HttpServletResponse.sendRedirect(java.lang.String)",
                     "lineNumber": 72
                  }
               ]
            },
            {
               "fileName": "trader-1_0_war.ear/trader-1.0.war/WEB-INF/classes/com/ibm/hybrid/cloud/sample/portfolio/Login.class",
               "details": [
                  {
                     "reference": "Method doPost",
                     "match": "javax.servlet.http.HttpServletResponse.sendRedirect(java.lang.String)",
                     "lineNumber": 102
                  }
               ]
            },
            {
               "fileName": "trader-1_0_war.ear/trader-1.0.war/WEB-INF/classes/com/ibm/hybrid/cloud/sample/portfolio/Summary.class",
               "details": [
                  {
                     "reference": "Method doPost",
                     "match": "javax.servlet.http.HttpServletResponse.sendRedirect(java.lang.String)",
                     "lineNumber": 138
                  },
                  {
                     "reference": "Method doPost",
                     "match": "javax.servlet.http.HttpServletResponse.sendRedirect(java.lang.String)",
                     "lineNumber": 146
                  },
                  {
                     "reference": "Method doPost",
                     "match": "javax.servlet.http.HttpServletResponse.sendRedirect(java.lang.String)",
                     "lineNumber": 148
                  },
                  {
                     "reference": "Method doPost",
                     "match": "javax.servlet.http.HttpServletResponse.sendRedirect(java.lang.String)",
                     "lineNumber": 150
                  }
               ]
            },
            {
               "fileName": "trader-1_0_war.ear/trader-1.0.war/WEB-INF/classes/com/ibm/hybrid/cloud/sample/portfolio/ViewPortfolio.class",
               "details": [
                  {
                     "reference": "Method doPost",
                     "match": "javax.servlet.http.HttpServletResponse.sendRedirect(java.lang.String)",
                     "lineNumber": 129
                  }
               ]
            }
         ]
      },
      {
         "ruleName": "Do not use the HttpSession invalidate method for programmatic security logout in Servlet 3.0",
         "ruleId": "HttpSessionInvalidateMethod",
         "severity": "Warning",
         "category": "Java EE 6 / Servlet 3.0",
         "results": [
            {
               "fileName": "trader-1_0_war.ear/trader-1.0.war/WEB-INF/classes/com/ibm/hybrid/cloud/sample/portfolio/Summary.class",
               "details": [
                  {
                     "reference": "Method doPost",
                     "match": "javax.servlet.http.HttpSession.invalidate(*)",
                     "lineNumber": 131
                  }
               ]
            }
         ]
      },
      {
         "ruleName": "Java EE security",
         "ruleId": "ApplicationSecurityRule",
         "severity": "Warning",
         "category": "Technology connectivity considerations for IBM Cloud",
         "results": [
            {
               "fileName": "trader-1_0_war.ear/trader-1.0.war/WEB-INF/classes/com/ibm/hybrid/cloud/sample/portfolio/AddPortfolio.class",
               "details": [
                  {
                     "reference": "Class annotation",
                     "match": "javax.servlet.annotation.ServletSecurity",
                     "lineNumber": 0
                  }
               ]
            }
         ]
      },
      {
         "ruleName": "Validate the URL host and port for cloud access",
         "ruleId": "URLRuleDockerCloud",
         "severity": "Warning",
         "category": "Connectivity considerations for IBM Cloud (Docker and WebSphere in IBM Cloud)",
         "results": [
            {
               "fileName": "trader-1_0_war.ear/trader-1.0.war/WEB-INF/classes/com/ibm/hybrid/cloud/sample/portfolio/PortfolioServices.class",
               "details": [
                  {
                     "reference": "Field PORTFOLIO_SERVICE",
                     "match": "http://localhost:9080/portfolio",
                     "lineNumber": 0
                  },
                  {
                     "reference": "Method createPortfolio",
                     "match": "http://localhost:9080/portfolio/",
                     "lineNumber": 71
                  },
                  {
                     "reference": "Method deletePortfolio",
                     "match": "http://localhost:9080/portfolio/",
                     "lineNumber": 96
                  },
                  {
                     "reference": "Method getPortfolio",
                     "match": "http://localhost:9080/portfolio/",
                     "lineNumber": 59
                  },
                  {
                     "reference": "Method getPortfolios",
                     "match": "http://localhost:9080/portfolio",
                     "lineNumber": 43
                  },
                  {
                     "reference": "Method updatePortfolio",
                     "match": "http://localhost:9080/portfolio/",
                     "lineNumber": 83
                  }
               ]
            }
         ]
      }
   ]
}