{
   "report": "inventory",
   "version": "2.3",
   "productVersion": "9.0",
   "productRelease": "18.0.0.2",
   "options": [
      "--includePackages=com.json,com.ibm.hybrid"
   ],
   "applications": [
      "/opt/IBM/WebSphere/AppServer/profiles/AppSrv01/config/cells/workstationNode01Cell/applications/trader-1_0_war.ear/trader-1_0_war.ear"
   ],
   "sharedLibraries": [
   ],
   "archives": {
      "ears": 1,
      "wars": 1,
      "rars": 0,
      "ejbs": 0,
      "webFragments": 0,
      "utilityJars": 30,
      "appClients": 0
   },
   "summary": {
      "servlets": 6,
      "jsps": 0,
      "jpaEntities": 0,
      "bmpEntityBeans": 0,
      "cmpEntityBeans": 0,
      "messageDrivenBeans": 0,
      "singletonSessionBeans": 0,
      "statefulSessionBeans": 0,
      "statelessSessionBeans": 0,
      "jaxrpcConsumers": 0,
      "jaxrpcProviders": 0,
      "jaxrsConsumers": 0,
      "jaxrsProviders": 0,
      "jaxwsConsumers": 0,
      "jaxwsProviders": 0
   },
   "archiveInventory": [
      {
         "archiveName": "/opt/IBM/WebSphere/AppServer/profiles/AppSrv01/config/cells/workstationNode01Cell/applications/trader-1_0_war.ear/trader-1_0_war.ear",
         "moduleType": "Enterprise archive",
         "moduleVersion": "6.0",
         "metadataComplete": null,
         "archives": {
            "wars": 1,
            "rars": 0,
            "ejbs": 0,
            "utilityJars": 30,
            "appClients": 0
         },
         "summary": {
            "servlets": 6,
            "jsps": 0,
            "jpaEntities": 0,
            "bmpEntityBeans": 0,
            "cmpEntityBeans": 0,
            "messageDrivenBeans": 0,
            "singletonSessionBeans": 0,
            "statefulSessionBeans": 0,
            "statelessSessionBeans": 0,
            "jaxrpcConsumers": 0,
            "jaxrpcProviders": 0,
            "jaxrsConsumers": 0,
            "jaxrsProviders": 0,
            "jaxwsConsumers": 0,
            "jaxwsProviders": 0
         },
         "potentialDeploymentProblemsSummary": {
            "archivesContainingDuplicateClasses": 0,
            "archivesContainingJavaEEorSEClasses": 2,
            "archivesContainingConflictingOpenSourceSoftwareClasses": 3,
            "archivesContainingWebSphereClasses": 0,
            "archivesNotReferencedInTheApplication": 2,
            "archivesWithMissingDependenciesInTheApplication": 7,
            "classesWithSystemLevelJVMConfiguration": 0,
            "sharedLibrariesReferencingApplicationClasses": 0
         },
         "potentialDeploymentProblemsDetails": [
            {
               "duplicateClassesWithinClassLoader": [
               ]
            },
            {
               "duplicateClassesAcrossApplication": [
               ]
            },
            {
               "javaEEandSEClasses": [
                  {
                     "conflictingPackages": [
                        "javax.enterprise.inject",
                        "javax.inject"
                     ],
                     "packageLocation": [
                        "trader-1.0.war/WEB-INF/lib/sisu-inject-bean-1.4.2.jar"
                     ]
                  },
                  {
                     "conflictingPackages": [
                        "javax.json",
                        "javax.json.spi",
                        "javax.json.stream"
                     ],
                     "packageLocation": [
                        "trader-1.0.war/WEB-INF/lib/javax.json-1.0.4.jar"
                     ]
                  }
               ]
            },
            {
               "duplicateWebSphereClasses": [
               ]
            },
            {
               "openSourceSoftwareClasses": [
                  {
                     "conflictingPackages": [
                        "org.apache.commons.codec.binary"
                     ],
                     "packageLocation": [
                        "trader-1.0.war/WEB-INF/lib/commons-codec-1.11.jar"
                     ],
                     "appliesTo": [
                        "V8.5.5",
                        "V9.0"
                     ]
                  },
                  {
                     "conflictingPackages": [
                        "org.apache.commons.io",
                        "org.apache.commons.io.comparator",
                        "org.apache.commons.io.filefilter",
                        "org.apache.commons.io.input",
                        "org.apache.commons.io.monitor",
                        "org.apache.commons.io.output",
                        "org.apache.commons.io.serialization"
                     ],
                     "packageLocation": [
                        "trader-1.0.war/WEB-INF/lib/commons-io-2.5.jar"
                     ],
                     "appliesTo": [
                        "V8.5.5",
                        "V9.0"
                     ]
                  },
                  {
                     "conflictingPackages": [
                        "org.glassfish.json",
                        "org.glassfish.json.api"
                     ],
                     "packageLocation": [
                        "trader-1.0.war/WEB-INF/lib/javax.json-1.0.4.jar"
                     ],
                     "appliesTo": [
                        "V9.0"
                     ]
                  }
               ]
            },
            {
               "archivesNotReferenced": [
                  {
                     "archive": "trader-1.0.war/WEB-INF/lib/maven-aether-provider-3.0.jar",
                     "referencedBy": ""
                  },
                  {
                     "archive": "trader-1.0.war/WEB-INF/lib/maven-deploy-plugin-3.0.0-M1.jar",
                     "referencedBy": ""
                  }
               ]
            },
            {
               "missingDependencies": [
                  {
                     "missingDependencies": [
                        "junit.framework"
                     ],
                     "archive": [
                        "trader-1.0.war/WEB-INF/lib/sisu-inject-bean-1.4.2.jar",
                        "trader-1.0.war/WEB-INF/lib/sisu-inject-plexus-1.4.2.jar"
                     ]
                  },
                  {
                     "missingDependencies": [
                        "org.apache.maven.plugins.annotations"
                     ],
                     "archive": [
                        "trader-1.0.war/WEB-INF/lib/maven-deploy-plugin-3.0.0-M1.jar"
                     ]
                  },
                  {
                     "missingDependencies": [
                        "org.eclipse.aether",
                        "org.eclipse.aether.collection",
                        "org.eclipse.aether.deployment",
                        "org.eclipse.aether.installation",
                        "org.eclipse.aether.metadata",
                        "org.eclipse.aether.repository",
                        "org.eclipse.aether.resolution",
                        "org.eclipse.aether.version"
                     ],
                     "archive": [
                        "trader-1.0.war/WEB-INF/lib/maven-artifact-transfer-0.10.0.jar"
                     ]
                  },
                  {
                     "missingDependencies": [
                        "org.eclipse.aether.artifact",
                        "org.eclipse.aether.graph"
                     ],
                     "archive": [
                        "trader-1.0.war/WEB-INF/lib/maven-common-artifact-filters-3.0.1.jar",
                        "trader-1.0.war/WEB-INF/lib/maven-artifact-transfer-0.10.0.jar"
                     ]
                  },
                  {
                     "missingDependencies": [
                        "org.fusesource.jansi"
                     ],
                     "archive": [
                        "trader-1.0.war/WEB-INF/lib/maven-shared-utils-3.1.0.jar"
                     ]
                  },
                  {
                     "missingDependencies": [
                        "org.osgi.framework",
                        "org.osgi.util.tracker"
                     ],
                     "archive": [
                        "trader-1.0.war/WEB-INF/lib/sisu-inject-bean-1.4.2.jar"
                     ]
                  },
                  {
                     "missingDependencies": [
                        "org.slf4j.impl"
                     ],
                     "archive": [
                        "trader-1.0.war/WEB-INF/lib/slf4j-api-1.7.5.jar"
                     ]
                  }
               ]
            },
            {
               "classesWithSystemLevelJVMConfiguration": [
               ]
            },
            {
               "sharedLibraryDependencies": [
               ]
            }
         ],
         "performanceConsiderations": {
            "archivesThatAreCandidatesForMetadataCompleteTrueAttribute": [
            ],
            "webModulesWithExcessiveClassFiles": [
            ],
            "webModulesWithExcessiveStaticResources": [
            ]
         },
         "containedArchiveInventory": [
            {
               "archiveName": "/opt/IBM/WebSphere/AppServer/profiles/AppSrv01/config/cells/workstationNode01Cell/applications/trader-1_0_war.ear/trader-1_0_war.ear/trader-1.0.war",
               "moduleType": "Web module",
               "moduleVersion": "3.1",
               "metadataComplete": "Unspecified",
               "archives": {
                  "ejbs": 0,
                  "webFragments": 0,
                  "utilityJars": 30
               },
               "summary": {
                  "servlets": 6,
                  "jsps": 0,
                  "jpaEntities": 0,
                  "bmpEntityBeans": 0,
                  "cmpEntityBeans": 0,
                  "messageDrivenBeans": 0,
                  "singletonSessionBeans": 0,
                  "statefulSessionBeans": 0,
                  "statelessSessionBeans": 0,
                  "jaxrpcConsumers": 0,
                  "jaxrpcProviders": 0,
                  "jaxrsConsumers": 0,
                  "jaxrsProviders": 0,
                  "jaxwsConsumers": 0,
                  "jaxwsProviders": 0
               },
               "containedArchiveInventory": [
                  {
                     "archiveName": "/opt/IBM/WebSphere/AppServer/profiles/AppSrv01/config/cells/workstationNode01Cell/applications/trader-1_0_war.ear/trader-1_0_war.ear/trader-1.0.war/WEB-INF/lib/aether-api-1.7.jar",
                     "moduleType": "Utility JAR",
                     "containedPackages": [
                        "org.sonatype.aether"
                     ]
                  },
                  {
                     "archiveName": "/opt/IBM/WebSphere/AppServer/profiles/AppSrv01/config/cells/workstationNode01Cell/applications/trader-1_0_war.ear/trader-1_0_war.ear/trader-1.0.war/WEB-INF/lib/aether-impl-1.7.jar",
                     "moduleType": "Utility JAR",
                     "containedPackages": [
                        "org.sonatype.aether"
                     ]
                  },
                  {
                     "archiveName": "/opt/IBM/WebSphere/AppServer/profiles/AppSrv01/config/cells/workstationNode01Cell/applications/trader-1_0_war.ear/trader-1_0_war.ear/trader-1.0.war/WEB-INF/lib/aether-spi-1.7.jar",
                     "moduleType": "Utility JAR",
                     "containedPackages": [
                        "org.sonatype.aether"
                     ]
                  },
                  {
                     "archiveName": "/opt/IBM/WebSphere/AppServer/profiles/AppSrv01/config/cells/workstationNode01Cell/applications/trader-1_0_war.ear/trader-1_0_war.ear/trader-1.0.war/WEB-INF/lib/aether-util-1.7.jar",
                     "moduleType": "Utility JAR",
                     "containedPackages": [
                        "org.sonatype.aether"
                     ]
                  },
                  {
                     "archiveName": "/opt/IBM/WebSphere/AppServer/profiles/AppSrv01/config/cells/workstationNode01Cell/applications/trader-1_0_war.ear/trader-1_0_war.ear/trader-1.0.war/WEB-INF/lib/commons-codec-1.11.jar",
                     "moduleType": "Utility JAR",
                     "containedPackages": [
                        "org.apache.commons"
                     ]
                  },
                  {
                     "archiveName": "/opt/IBM/WebSphere/AppServer/profiles/AppSrv01/config/cells/workstationNode01Cell/applications/trader-1_0_war.ear/trader-1_0_war.ear/trader-1.0.war/WEB-INF/lib/commons-io-2.5.jar",
                     "moduleType": "Utility JAR",
                     "containedPackages": [
                        "org.apache.commons"
                     ]
                  },
                  {
                     "archiveName": "/opt/IBM/WebSphere/AppServer/profiles/AppSrv01/config/cells/workstationNode01Cell/applications/trader-1_0_war.ear/trader-1_0_war.ear/trader-1.0.war/WEB-INF/lib/javax.json-1.0.4.jar",
                     "moduleType": "Utility JAR",
                     "containedPackages": [
                        "javax.json",
                        "javax.json.spi",
                        "javax.json.stream",
                        "org.glassfish.json"
                     ]
                  },
                  {
                     "archiveName": "/opt/IBM/WebSphere/AppServer/profiles/AppSrv01/config/cells/workstationNode01Cell/applications/trader-1_0_war.ear/trader-1_0_war.ear/trader-1.0.war/WEB-INF/lib/maven-aether-provider-3.0.jar",
                     "moduleType": "Utility JAR",
                     "containedPackages": [
                        "org.apache.maven"
                     ]
                  },
                  {
                     "archiveName": "/opt/IBM/WebSphere/AppServer/profiles/AppSrv01/config/cells/workstationNode01Cell/applications/trader-1_0_war.ear/trader-1_0_war.ear/trader-1.0.war/WEB-INF/lib/maven-artifact-3.0.jar",
                     "moduleType": "Utility JAR",
                     "containedPackages": [
                        "org.apache.maven"
                     ]
                  },
                  {
                     "archiveName": "/opt/IBM/WebSphere/AppServer/profiles/AppSrv01/config/cells/workstationNode01Cell/applications/trader-1_0_war.ear/trader-1_0_war.ear/trader-1.0.war/WEB-INF/lib/maven-artifact-transfer-0.10.0.jar",
                     "moduleType": "Utility JAR",
                     "containedPackages": [
                        "org.apache.maven",
                        "org.eclipse.aether"
                     ]
                  },
                  {
                     "archiveName": "/opt/IBM/WebSphere/AppServer/profiles/AppSrv01/config/cells/workstationNode01Cell/applications/trader-1_0_war.ear/trader-1_0_war.ear/trader-1.0.war/WEB-INF/lib/maven-common-artifact-filters-3.0.1.jar",
                     "moduleType": "Utility JAR",
                     "containedPackages": [
                        "org.apache.maven"
                     ]
                  },
                  {
                     "archiveName": "/opt/IBM/WebSphere/AppServer/profiles/AppSrv01/config/cells/workstationNode01Cell/applications/trader-1_0_war.ear/trader-1_0_war.ear/trader-1.0.war/WEB-INF/lib/maven-core-3.0.jar",
                     "moduleType": "Utility JAR",
                     "containedPackages": [
                        "org.apache.maven"
                     ]
                  },
                  {
                     "archiveName": "/opt/IBM/WebSphere/AppServer/profiles/AppSrv01/config/cells/workstationNode01Cell/applications/trader-1_0_war.ear/trader-1_0_war.ear/trader-1.0.war/WEB-INF/lib/maven-deploy-plugin-3.0.0-M1.jar",
                     "moduleType": "Utility JAR",
                     "containedPackages": [
                        "org.apache.maven"
                     ]
                  },
                  {
                     "archiveName": "/opt/IBM/WebSphere/AppServer/profiles/AppSrv01/config/cells/workstationNode01Cell/applications/trader-1_0_war.ear/trader-1_0_war.ear/trader-1.0.war/WEB-INF/lib/maven-model-3.0.jar",
                     "moduleType": "Utility JAR",
                     "containedPackages": [
                        "org.apache.maven"
                     ]
                  },
                  {
                     "archiveName": "/opt/IBM/WebSphere/AppServer/profiles/AppSrv01/config/cells/workstationNode01Cell/applications/trader-1_0_war.ear/trader-1_0_war.ear/trader-1.0.war/WEB-INF/lib/maven-model-builder-3.0.jar",
                     "moduleType": "Utility JAR",
                     "containedPackages": [
                        "org.apache.maven"
                     ]
                  },
                  {
                     "archiveName": "/opt/IBM/WebSphere/AppServer/profiles/AppSrv01/config/cells/workstationNode01Cell/applications/trader-1_0_war.ear/trader-1_0_war.ear/trader-1.0.war/WEB-INF/lib/maven-plugin-api-3.0.jar",
                     "moduleType": "Utility JAR",
                     "containedPackages": [
                        "org.apache.maven"
                     ]
                  },
                  {
                     "archiveName": "/opt/IBM/WebSphere/AppServer/profiles/AppSrv01/config/cells/workstationNode01Cell/applications/trader-1_0_war.ear/trader-1_0_war.ear/trader-1.0.war/WEB-INF/lib/maven-repository-metadata-3.0.jar",
                     "moduleType": "Utility JAR",
                     "containedPackages": [
                        "org.apache.maven"
                     ]
                  },
                  {
                     "archiveName": "/opt/IBM/WebSphere/AppServer/profiles/AppSrv01/config/cells/workstationNode01Cell/applications/trader-1_0_war.ear/trader-1_0_war.ear/trader-1.0.war/WEB-INF/lib/maven-settings-3.0.jar",
                     "moduleType": "Utility JAR",
                     "containedPackages": [
                        "org.apache.maven"
                     ]
                  },
                  {
                     "archiveName": "/opt/IBM/WebSphere/AppServer/profiles/AppSrv01/config/cells/workstationNode01Cell/applications/trader-1_0_war.ear/trader-1_0_war.ear/trader-1.0.war/WEB-INF/lib/maven-settings-builder-3.0.jar",
                     "moduleType": "Utility JAR",
                     "containedPackages": [
                        "org.apache.maven"
                     ]
                  },
                  {
                     "archiveName": "/opt/IBM/WebSphere/AppServer/profiles/AppSrv01/config/cells/workstationNode01Cell/applications/trader-1_0_war.ear/trader-1_0_war.ear/trader-1.0.war/WEB-INF/lib/maven-shared-utils-3.1.0.jar",
                     "moduleType": "Utility JAR",
                     "containedPackages": [
                        "org.apache.maven"
                     ]
                  },
                  {
                     "archiveName": "/opt/IBM/WebSphere/AppServer/profiles/AppSrv01/config/cells/workstationNode01Cell/applications/trader-1_0_war.ear/trader-1_0_war.ear/trader-1.0.war/WEB-INF/lib/plexus-cipher-1.4.jar",
                     "moduleType": "Utility JAR",
                     "containedPackages": [
                        "org.sonatype.plexus"
                     ]
                  },
                  {
                     "archiveName": "/opt/IBM/WebSphere/AppServer/profiles/AppSrv01/config/cells/workstationNode01Cell/applications/trader-1_0_war.ear/trader-1_0_war.ear/trader-1.0.war/WEB-INF/lib/plexus-classworlds-2.2.3.jar",
                     "moduleType": "Utility JAR",
                     "containedPackages": [
                        "org.codehaus.classworlds",
                        "org.codehaus.plexus"
                     ]
                  },
                  {
                     "archiveName": "/opt/IBM/WebSphere/AppServer/profiles/AppSrv01/config/cells/workstationNode01Cell/applications/trader-1_0_war.ear/trader-1_0_war.ear/trader-1.0.war/WEB-INF/lib/plexus-component-annotations-1.5.5.jar",
                     "moduleType": "Utility JAR",
                     "containedPackages": [
                        "org.codehaus.plexus"
                     ]
                  },
                  {
                     "archiveName": "/opt/IBM/WebSphere/AppServer/profiles/AppSrv01/config/cells/workstationNode01Cell/applications/trader-1_0_war.ear/trader-1_0_war.ear/trader-1.0.war/WEB-INF/lib/plexus-interpolation-1.14.jar",
                     "moduleType": "Utility JAR",
                     "containedPackages": [
                        "org.codehaus.plexus"
                     ]
                  },
                  {
                     "archiveName": "/opt/IBM/WebSphere/AppServer/profiles/AppSrv01/config/cells/workstationNode01Cell/applications/trader-1_0_war.ear/trader-1_0_war.ear/trader-1.0.war/WEB-INF/lib/plexus-sec-dispatcher-1.3.jar",
                     "moduleType": "Utility JAR",
                     "containedPackages": [
                        "org.sonatype.plexus"
                     ]
                  },
                  {
                     "archiveName": "/opt/IBM/WebSphere/AppServer/profiles/AppSrv01/config/cells/workstationNode01Cell/applications/trader-1_0_war.ear/trader-1_0_war.ear/trader-1.0.war/WEB-INF/lib/plexus-utils-3.1.0.jar",
                     "moduleType": "Utility JAR",
                     "containedPackages": [
                        "org.codehaus.plexus"
                     ]
                  },
                  {
                     "archiveName": "/opt/IBM/WebSphere/AppServer/profiles/AppSrv01/config/cells/workstationNode01Cell/applications/trader-1_0_war.ear/trader-1_0_war.ear/trader-1.0.war/WEB-INF/lib/sisu-guice-2.1.7-noaop.jar",
                     "moduleType": "Utility JAR",
                     "containedPackages": [
                        "com.google.inject"
                     ]
                  },
                  {
                     "archiveName": "/opt/IBM/WebSphere/AppServer/profiles/AppSrv01/config/cells/workstationNode01Cell/applications/trader-1_0_war.ear/trader-1_0_war.ear/trader-1.0.war/WEB-INF/lib/sisu-inject-bean-1.4.2.jar",
                     "moduleType": "Utility JAR",
                     "containedPackages": [
                        "javax.enterprise.inject",
                        "javax.inject",
                        "org.aopalliance.aop",
                        "org.aopalliance.intercept",
                        "org.sonatype.guice",
                        "org.sonatype.inject"
                     ]
                  },
                  {
                     "archiveName": "/opt/IBM/WebSphere/AppServer/profiles/AppSrv01/config/cells/workstationNode01Cell/applications/trader-1_0_war.ear/trader-1_0_war.ear/trader-1.0.war/WEB-INF/lib/sisu-inject-plexus-1.4.2.jar",
                     "moduleType": "Utility JAR",
                     "containedPackages": [
                        "org.codehaus.plexus",
                        "org.sonatype.guice"
                     ]
                  },
                  {
                     "archiveName": "/opt/IBM/WebSphere/AppServer/profiles/AppSrv01/config/cells/workstationNode01Cell/applications/trader-1_0_war.ear/trader-1_0_war.ear/trader-1.0.war/WEB-INF/lib/slf4j-api-1.7.5.jar",
                     "moduleType": "Utility JAR",
                     "containedPackages": [
                        "org.slf4j",
                        "org.slf4j.helpers",
                        "org.slf4j.spi"
                     ]
                  }
               ]
            }
         ]
      }
   ],
   "sharedLibraryDetails": [
   ]
}