{
    "productInf": [
      {
        "name": "IBM WebSphere Application Server Network Deployment",
        "id": "BASE",
        "version": "9.0.0.0",
        "buildDate": "",
        "buildLevel": ""
      },
      {
        "name": "Java",
        "id": "Java",
        "version": "ibm8",
        "buildDate": "",
        "buildLevel": ""
      }
    ],
    "profiles": [
      {
        "name": "FinancialProfile01-FinCommon",
        "profilePath": null,
        "cellName": "",
        "dmgrName": null,
        "nodes": null,
        "servers": null,
        "clusterNames": null,
        "applications": [
          "/opt/IBM/WebSphere/AppServer/profiles/FinancialProfile01/shlib_loc_one/common-utils-1.5.jar",
          "/opt/IBM/WebSphere/AppServer/profiles/FinancialProfile01/shlib_loc_one/license.jar",
          "/opt/IBM/WebSphere/AppServer/profiles/FinancialProfile01/shlib_loc_one/registries.jar"
        ],
        "appToClusterMapping": null,
        "isStandalone": true,
        "webSphereVersion": "was90",
        "javaVersion": "ibm8",
        "appArray": [
          "/opt/IBM/WebSphere/AppServer/profiles/FinancialProfile01/shlib_loc_one/common-utils-1.5.jar",
          "/opt/IBM/WebSphere/AppServer/profiles/FinancialProfile01/shlib_loc_one/license.jar",
          "/opt/IBM/WebSphere/AppServer/profiles/FinancialProfile01/shlib_loc_one/registries.jar"
        ],
        "archive": {
          "domain": "java",
          "archiveName": "FinancialProfile01-FinCommon",
          "archiveType": "sharedLibrary",
          "dcVersion": "1.9.2",
          "middleware": "was",
          "host": "workstation",
          "assessmentUnits": [
            "FinCommon-common-utils-1.5.jar",
            "FinCommon-license.jar",
            "FinCommon-registries.jar"
          ]
        },
        "contextRoots": null
      }
    ]
  }