{
  "installation": {
    "os": "Linux 4.15.0-45-generic",
    "level": "p902-L170310",
    "instPath": "/opt/mqm",
    "version": "9.0.2.0",
    "platform": "IBM MQ for Linux (x86-64 platform)",
    "dataPath": "/var/mqm",
    "maxCmdLevel": "902",
    "mode": "64-bit",
    "licenseType": "Production",
    "hostname": "workstation",
    "buildType": "IKAP - (Production)",
    "name": "IBM MQ",
    "instName": "MQInstallation01",
    "primary": "Yes"
  },
  "archive": {
    "assessmentUnits": [
      "MORTGAGES",
      "ECB.RATES"
    ],
    "archiveType": "installation",
    "dcVersion": "1.9.2",
    "archiveName": "MQInstallation01",
    "domain": "messaging",
    "host": "workstation",
    "archiveInfo": "Version:9.0.2.0",
    "middleware": "mq"
  }
}