{
  "domain": "messaging",
  "archiveType": "installation",
  "archiveName": "MQInstallation01",
  "version": "9.0.2.0",
  "complexityRules": [
    {
      "id": "dns",
      "name": "DNS Reconfiguration",
      "complexityContribution": "simple",
      "issues": [
        "MQCL01"
      ]
    },
    {
      "id": "cluster",
      "name": "Cluster Reconfiguration",
      "complexityContribution": "moderate",
      "issuesCategory": [
        "cluster"
      ]
    },
    {
      "id": "exits",
      "name": "Changing Custom Logic",
      "complexityContribution": "moderate",
      "issuesCategory": [
        "exits"
      ]
    },
    {
      "id": "security",
      "name": "Client authentication reconfiguration",
      "complexityContribution": "complex",
      "issues": [
        "MQSEC01"
      ]
    }
  ],
  "issueCategories": {
    "security": {
      "title": "Authentication considerations"
    },
    "exits": {
      "title": "Exit and custom binary considerations"
    },
    "cluster": {
      "title": "Cluster considerations"
    }
  },
  "assessmentUnits": [
    {
      "name": "MORTGAGES",
      "targets": [
        {
          "version": "9.1.0.0",
          "platform": "ICP",
          "valid": "true",
          "issues": {
              "cluster": [
                {
                  "id": "MQCL01",
                  "title": "Update your DNS after deployment to point to your new QueueManager",
                  "cost": 0.2,
                  "issueOverhead": 0.15,
                  "occurrencesCost": 0.05,
                  "solutionText": [
                    "Channels are configured with Hostnames"
                  ],
                  "severity": "information",
                  "occurrencesFields": {
                    "cluster": "Cluster",
                    "channel": "Channel",
                    "type": "Type"
                  },
                  "occurrencesCount": 1,
                  "occurrences": [
                    {
                      "cluster": "INVENTORY",
                      "channel": "INVENTORY.LONDON",
                      "type": "CLUSSDR"
                    }
                  ]
                }
			]
          },
          "summary": {
            "complexity": {
              "simple": {
                "cluster": 1
              },
              "score": "simple"
            },
            "issues": {
              "information": 1
            },
            "effort": {
              "cluster": 0.2,
              "total": 0.2
            }
          }
        }
      ]
    },
    {
      "name": "ECB.RATES",
      "targets": [
        {
          "version": "9.1.0.0",
          "platform": "ICP",
          "valid": "true",
          "issues": {
            "security": [
              {
                "id": "MQSEC01",
                "title": "Authentication configured for OS groups. Determine target authentication mechanism.",
                "cost": 2.4,
                "issueOverhead": 2.0,
                "occurrencesCost": 0.2,
                "solutionText": [
                  "Consider impact to clients",
                  "Alternatives:",
                  "(1) Port OS config: Migrate Users, Passwords and Groups to the container environment.",
                  "(2) Adopt LDAP: Configure migrated Queue Manager to use LDAP instead of Operating System based authentication"
                ],
                "severity": "warning",
                "occurrencesFields": {
                  "type": "Destination Type",
                  "object": "Object",
                  "osObjectType": "OS Object Type",
                  "osObjectName": "OS Object Name"
                },
                "occurrencesCount": 2,
                "occurrences": [
                  {
                    "type": "queue",
                    "object": "ACCOUNTING.DELIVERY",
                    "osObjectType": "osGroup",
                    "osObjectName": "mqm"
                  },
                  {
                    "type": "queue",
                    "object": "ACCOUNTING.DELIVERY",
                    "osObjectType": "osGroup",
                    "osObjectName": "root"
                  }
                ]
              }
            ],
			"exits": [
			              {
			                "id": "MQEXIT03",
			                "title": "API Exits defined. Review whether usage affects your MQ deployment architecture when migrating.",
			                "cost": 3.0,
			                "issueOverhead": 1.0,
			                "occurrencesCost": 1.0,
			                "solutionText": [
			                  "Scenarios:",
			                  "(1) Custom Exit binary is redundant.",
			                  "Check if Exit has been replaced with Product Capability in MQ 9 and adopt that instead.",
			                  "(2) Exit is connecting to an external system.",
			                  "Examine configuration for your Queue Manager looking for connection parameters (environment variables and/or config files).  If found, consider how you will manage this dependency in your DevOps pipeline. Also ensure that connectivity can be established from new target k8 cluster",
			                  "(3) Exit will be carried forward as-is in your migrated Queue Manager.",
			                  "Embed the binaries into the new Docker container.  Check to see if binaries need to be ported to run in your desired Container Base OS and target cluster architecture."
			                ],
			                "severity": "warning",
			                "occurrencesFields": {
			                  "name": "Exit name",
			                  "type": "Exit Type",
			                  "module": "Module",
			                  "function": "Function"
			                },
			                "occurrencesCount": 2,
			                "occurrences": [
			                  {
			                    "name": "MQPoliceman",
			                    "type": "ApiExitCommon",
			                    "module": "/usr/MQPolice/tmqp",
			                    "function": "EntryPoint"
			                  },
			                  {
			                    "name": "OurPayrollQueueAuditor",
			                    "type": "ApiExitTemplate",
			                    "module": "/usr/ABC/auditor",
			                    "function": "EntryPoint"
			                  }
			                ]
			              }
			            ]
          },
          "summary": {
            "complexity": {
              "complex": {
                "security": 1
              },
			  "moderate": {
				  "exits": 1
			  },
              "score": "complex"
            },
            "issues": {
              "warning": 2
            },
            "effort": {
              "security": 2.4,
			  "exits": 3,
              "total": 5.4
            }
          }
        }
      ]
    }
  ]
}