<?xml version="1.0" encoding="UTF-8"?>
<server description="Feature list generated by binaryAppScanner">
    <featureManager>
        <!--The following features are available in all editions of Liberty.-->
        <feature>appSecurity-2.0</feature>
        <feature>ejbLite-3.2</feature>
        <feature>jdbc-4.1</feature>
        <feature>jndi-1.0</feature>
        <feature>jsp-2.3</feature>
        <feature>servlet-3.1</feature>
        <!--The following features are available in all editions of Liberty, except for Liberty Core.-->
        <feature>ejbRemote-3.2</feature>
    </featureManager>
</server>