<?xml version="1.0" encoding="UTF-8"?><server>
<!--These elements have been identified from this application's configuration.-->
<featureManager>
<feature>appSecurity-2.0</feature>
<feature>ejbLite-3.2</feature>
<feature>jdbc-4.1</feature>
<feature>jndi-1.0</feature>
<feature>jsp-2.3</feature>
<feature>servlet-3.1</feature>
<feature>ejbRemote-3.2</feature>
</featureManager>
<!-- <variable name="DERBY_JDBC_DRIVER_PATH" value="${WAS_INSTALL_ROOT}/derby/lib"/> -->
<httpEndpoint host="*" httpPort="9080" httpsPort="9443" id="defaultHttpEndpoint"/>
<!-- <variable name="DB2UNIVERSAL_JDBC_DRIVER_NATIVEPATH" value=""/> -->
<variable name="DERBY_JDBC_DRIVER_PATH" value="${shared.config.dir}/lib/global"/>
<variable name="DB2UNIVERSAL_JDBC_DRIVER_NATIVEPATH" value="${shared.config.dir}/lib/global"/>
<applicationManager autoExpand="true"/>
<!--These elements are from the profile level configuration. Not all of them may be necessary for your application.-->
<!--<dataSource containerAuthDataRef="workstationNode01/db2user" id="pbwDBS" jdbcDriverRef="DB2_Universal_JDBC_Driver_Provider_(XA)" jndiName="jdbc/PlantsByWebSphereDataSource">
        <properties.db2.jcc beginTranForResultSetScrollingAPIs="false" beginTranForVendorAPIs="false" connectionSharing="1" databaseName="pbw" enableClientInformation="false" enableMultithreadedAccessDetection="false" errorDetectionModel="ExceptionMapping" name="pbwDBS" nonTransactionalDataSource="false" portNumber="50000" preTestSQLString="SELECT CURRENT SQLID FROM SYSIBM.SYSDUMMY1" propagateClientIdentityUsingTrustedContext="false" reauthentication="false" retrieveMessagesFromServerOnGetMessage="false" serverName="10.0.0.1" traceLevel="-1" unbindClientRerouteListFromJndi="false" useTransactionRedirect="false" validateNewConnection="false" validateNewConnectionRetryCount="100" validateNewConnectionRetryInterval="3"/>
        <connectionManager agedTimeout="0" connectionTimeout="180" maxIdleTime="1800" maxPoolSize="10" minPoolSize="0" reapTime="180"/>
    </dataSource>--><!--<jdbcDriver id="DB2_Universal_JDBC_Driver_Provider_(XA)" javax.sql.DataSource="com.ibm.db2.jcc.DB2XADataSource">
        <library>
            <file name="/home/ibmdemo/Student/shared/db2jcc.jar"/>
            <file name="/home/ibmdemo/Student/shared/db2jcc_license_cu.jar"/>
        </library>
    </jdbcDriver>--><!--<authData id="workstationNode01/db2user" password="???" user="db2inst1"/>--></server>