{
   "report": "analysis",
   "version": "1.2",
   "productVersion": "9.0",
   "productRelease": "19.0.0.5",
   "options": [
      "--sourceAppServer=was855",
      "--sourceJava=ibm6",
      "--sourceJavaEE=ee6",
      "--targetAppServer=liberty",
      "--targetJava=ibm8",
      "--targetCloud=dockerIBMCloud",
      "--excludePackages=ch.qos,com.faserxml,com.ibm,com.informix,com.lowagie,com.mchange,com.meterware,com.microsoft,com.sun,com.sybase,freemarker,groovy,java,javax,net,oracle,org,sqlj,sun,twitter4j,_ibmjsp"
   ],
   "totalRulesFlagged": 9,
   "filesAffected": 9,
   "totalResults": 11,
   "severitySummary": [
      {
         "severity": "Severe",
         "totalRulesFlagged": 4,
         "totalResults": 4
      },
      {
         "severity": "Warning",
         "totalRulesFlagged": 5,
         "totalResults": 7
      }
   ],
   "applications": [
      "/opt/IBM/WebSphere/AppServer/profiles/AppSrv01/config/cells/workstationNode01Cell/applications/DefaultApplication.ear/DefaultApplication.ear"
   ],
   "rules": [
      {
         "ruleName": "Behavior change on lookups for Enterprise JavaBeans",
         "ruleId": "EJBNamingLookupRule",
         "devCost": "1",
         "severity": "Severe",
         "category": "WebSphere traditional to Liberty",
         "results": [
            {
               "fileName": "DefaultApplication.ear/DefaultWebApplication.war/WEB-INF/ibm-web-bnd.xmi",
               "details": [
                  {
                     "reference": null,
                     "match": "ejbRefBindings.jndiName=Increment",
                     "lineNumber": 4
                  }
               ]
            }
         ]
      },
      {
         "ruleName": "Entity Enterprise JavaBeans (EJB) are unavailable",
         "ruleId": "DetectEJBEntityBeansXML",
         "devCost": "0",
         "severity": "Severe",
         "category": "Java Technology Support for Liberty",
         "results": [
            {
               "fileName": "DefaultApplication.ear/Increment.jar/META-INF/ejb-jar.xml",
               "details": [
                  {
                     "reference": null,
                     "match": "entity",
                     "lineNumber": 7
                  }
               ]
            }
         ]
      },
      {
         "ruleName": "Handling application configuration in Docker containers",
         "ruleId": "DetectPropertiesFiles",
         "devCost": "0",
         "severity": "Warning",
         "category": "Docker (IBM Cloud Kubernetes Service)",
         "results": [
            {
               "fileName": "DefaultApplication.ear/DefaultDB/service.properties",
               "details": [
                  {
                     "reference": null,
                     "match": "(.*)?\\.properties",
                     "lineNumber": 0
                  }
               ]
            },
            {
               "fileName": "DefaultApplication.ear/Increment.jar/META-INF/backends/DERBY_V100_1/ibm_pmbab.properties",
               "details": [
                  {
                     "reference": null,
                     "match": "(.*)?\\.properties",
                     "lineNumber": 0
                  }
               ]
            },
            {
               "fileName": "DefaultApplication.ear/Increment.jar/META-INF/ibm_ejbext.properties",
               "details": [
                  {
                     "reference": null,
                     "match": "(.*)?\\.properties",
                     "lineNumber": 0
                  }
               ]
            }
         ]
      },
      {
         "ruleName": "Java EE security",
         "ruleId": "ApplicationSecurityRule",
         "devCost": "0",
         "severity": "Warning",
         "category": "Technology connectivity considerations for IBM Cloud",
         "results": [
            {
               "fileName": "DefaultApplication.ear/DefaultWebApplication.war/WEB-INF/classes/SnoopServlet.class",
               "details": [
                  {
                     "reference": "Method doGet",
                     "match": "javax.servlet.http.HttpServletRequest.getUserPrincipal(*)",
                     "lineNumber": 137
                  }
               ]
            }
         ]
      },
      {
         "ruleName": "Remote EJB lookups",
         "ruleId": "RemoteEJBLookupsRule",
         "devCost": "0",
         "severity": "Warning",
         "category": "Technology connectivity considerations for IBM Cloud (not Liberty Core)",
         "results": [
            {
               "fileName": "DefaultApplication.ear/DefaultWebApplication.war/WEB-INF/web.xml",
               "details": [
                  {
                     "reference": null,
                     "match": "home",
                     "lineNumber": 71
                  }
               ]
            }
         ]
      },
      {
         "ruleName": "Remote EJB providers",
         "ruleId": "RemoteEJBProvidersRule",
         "devCost": "0",
         "severity": "Warning",
         "category": "Technology connectivity considerations for IBM Cloud (not Liberty Core)",
         "results": [
            {
               "fileName": "DefaultApplication.ear/Increment.jar/META-INF/ejb-jar.xml",
               "details": [
                  {
                     "reference": null,
                     "match": "home",
                     "lineNumber": 11
                  }
               ]
            }
         ]
      },
      {
         "ruleName": "The WebSphere Servlet API was superseded by a newer implementation",
         "ruleId": "WebSphereServletRule",
         "devCost": "1",
         "severity": "Severe",
         "category": "WebSphere traditional to Liberty",
         "results": [
            {
               "fileName": "DefaultApplication.ear/DefaultWebApplication.war/WEB-INF/classes/HelloPervasiveServlet.class",
               "details": [
                  {
                     "reference": "Constructor",
                     "match": "com.ibm.servlet.PageListServlet",
                     "lineNumber": 32
                  }
               ]
            }
         ]
      },
      {
         "ruleName": "Transaction propagation is not supported for Enterprise JavaBeans (EJB) remote interfaces",
         "ruleId": "DetectTransactionPropagationEJBRemote",
         "devCost": "1",
         "severity": "Severe",
         "category": "Java Technology Support for Liberty",
         "results": [
            {
               "fileName": "DefaultApplication.ear/Increment.jar/META-INF/ejb-jar.xml",
               "details": [
                  {
                     "reference": null,
                     "match": "remote",
                     "lineNumber": 12
                  }
               ]
            }
         ]
      },
      {
         "ruleName": "User-defined EJB binding locations are ignored in Liberty",
         "ruleId": "DetectEJBJNDIbindingName",
         "devCost": "1",
         "severity": "Warning",
         "category": "WebSphere traditional to Liberty",
         "results": [
            {
               "fileName": "DefaultApplication.ear/Increment.jar/META-INF/ibm-ejb-jar-bnd.xmi",
               "details": [
                  {
                     "reference": null,
                     "match": "ejbBindings.jndiName=Increment",
                     "lineNumber": 7
                  }
               ]
            }
         ]
      }
   ]
}