{
   "report": "analysis",
   "version": "1.2",
   "productVersion": "9.0",
   "productRelease": "19.0.0.5",
   "options": [
      "--sourceAppServer=was855",
      "--sourceJava=ibm6",
      "--sourceJavaEE=ee6",
      "--targetAppServer=liberty",
      "--targetJava=ibm8",
      "--targetCloud=dockerIBMCloud",
      "--excludePackages=ch.qos,com.faserxml,com.ibm,com.informix,com.lowagie,com.mchange,com.meterware,com.microsoft,com.sun,com.sybase,freemarker,groovy,java,javax,net,oracle,org,sqlj,sun,twitter4j,_ibmjsp"
   ],
   "totalRulesFlagged": 5,
   "filesAffected": 4,
   "totalResults": 5,
   "severitySummary": [
      {
         "severity": "Severe",
         "totalRulesFlagged": 2,
         "totalResults": 2
      },
      {
         "severity": "Warning",
         "totalRulesFlagged": 3,
         "totalResults": 3
      }
   ],
   "applications": [
      "/opt/IBM/WebSphere/AppServer/profiles/AppSrv01/config/cells/workstationNode01Cell/applications/ivtApp.ear/ivtApp.ear"
   ],
   "rules": [
      {
         "ruleName": "Behavior change on lookups for Enterprise JavaBeans",
         "ruleId": "EJBNamingLookupRule",
         "devCost": "1",
         "severity": "Severe",
         "category": "WebSphere traditional to Liberty",
         "results": [
            {
               "fileName": "ivtApp.ear/ivt_app.war/WEB-INF/ibm-web-bnd.xmi",
               "details": [
                  {
                     "reference": null,
                     "match": "ejbRefBindings.jndiName=ivt/ivtEJBHome",
                     "lineNumber": 3
                  }
               ]
            }
         ]
      },
      {
         "ruleName": "Remote EJB lookups",
         "ruleId": "RemoteEJBLookupsRule",
         "devCost": "0",
         "severity": "Warning",
         "category": "Technology connectivity considerations for IBM Cloud (not Liberty Core)",
         "results": [
            {
               "fileName": "ivtApp.ear/ivt_app.war/WEB-INF/web.xml",
               "details": [
                  {
                     "reference": null,
                     "match": "home",
                     "lineNumber": 39
                  }
               ]
            }
         ]
      },
      {
         "ruleName": "Remote EJB providers",
         "ruleId": "RemoteEJBProvidersRule",
         "devCost": "0",
         "severity": "Warning",
         "category": "Technology connectivity considerations for IBM Cloud (not Liberty Core)",
         "results": [
            {
               "fileName": "ivtApp.ear/ivtEJB.jar/META-INF/ejb-jar.xml",
               "details": [
                  {
                     "reference": null,
                     "match": "home",
                     "lineNumber": 12
                  }
               ]
            }
         ]
      },
      {
         "ruleName": "Transaction propagation is not supported for Enterprise JavaBeans (EJB) remote interfaces",
         "ruleId": "DetectTransactionPropagationEJBRemote",
         "devCost": "1",
         "severity": "Severe",
         "category": "Java Technology Support for Liberty",
         "results": [
            {
               "fileName": "ivtApp.ear/ivtEJB.jar/META-INF/ejb-jar.xml",
               "details": [
                  {
                     "reference": null,
                     "match": "remote",
                     "lineNumber": 13
                  }
               ]
            }
         ]
      },
      {
         "ruleName": "User-defined EJB binding locations are ignored in Liberty",
         "ruleId": "DetectEJBJNDIbindingName",
         "devCost": "1",
         "severity": "Warning",
         "category": "WebSphere traditional to Liberty",
         "results": [
            {
               "fileName": "ivtApp.ear/ivtEJB.jar/META-INF/ibm-ejb-jar-bnd.xmi",
               "details": [
                  {
                     "reference": null,
                     "match": "ejbBindings.jndiName=ejb/ivtEJBObject",
                     "lineNumber": 10
                  }
               ]
            }
         ]
      }
   ]
}