{
  "archiveType": "profile",
  "dcVersion": "2.0.3",
  "archiveName": "AppSrv01",
  "domain": "javaAppServer",
  "host": "workstation",
  "isVirtual": "false",
  "assessmentUnitName": "modresorts-1_0_war.ear",
  "applicationName": "modresorts-1_0_war.ear",
  "middleware": "was",
  "serverXml": {
    "server": {
      "applicationManager": {
        "autoExpand": true
      },
      "featureManager": {
        "feature": "servlet-3.0"
      },
      "httpEndpoint": {
        "httpPort": 9080,
        "host": "*",
        "id": "defaultHttpEndpoint",
        "httpsPort": 9443
      },
      "variable": [
        {
          "name": "DERBY_JDBC_DRIVER_PATH",
          "value": "${shared.config.dir}/lib/global"
        },
        {
          "name": "DB2UNIVERSAL_JDBC_DRIVER_NATIVEPATH",
          "value": "${shared.config.dir}/lib/global"
        }
      ]
    }
  }
}