{
   "report": "analysis",
   "version": "1.2",
   "productVersion": "9.0",
   "productRelease": "19.0.0.5",
   "options": [
      "--sourceAppServer=was855",
      "--sourceJava=ibm6",
      "--sourceJavaEE=ee6",
      "--targetAppServer=was90",
      "--targetJava=ibm8",
      "--targetJavaEE=ee7",
      "--targetCloud=vmIBMCloud",
      "--excludePackages=ch.qos,com.faserxml,com.ibm,com.informix,com.lowagie,com.mchange,com.meterware,com.microsoft,com.sun,com.sybase,freemarker,groovy,java,javax,net,oracle,org,sqlj,sun,twitter4j,_ibmjsp"
   ],
   "totalRulesFlagged": 1,
   "filesAffected": 9,
   "totalResults": 9,
   "severitySummary": [
      {
         "severity": "Warning",
         "totalRulesFlagged": 1,
         "totalResults": 9
      }
   ],
   "applications": [
      "/opt/IBM/WebSphere/AppServer/profiles/AppSrv01/config/cells/workstationNode01Cell/applications/modresorts-1_0_war.ear/modresorts-1_0_war.ear"
   ],
   "rules": [
      {
         "ruleName": "CDI scans for implicit beans when there is no beans.xml file",
         "ruleId": "MissingBeansFile",
         "devCost": "0",
         "severity": "Warning",
         "category": "Java EE 7 / CDI",
         "results": [
            {
               "fileName": "modresorts-1_0_war.ear/modresorts-1.0.war",
               "details": [
                  {
                     "reference": null,
                     "match": ".*(\\.war|\\.jar)",
                     "lineNumber": 0
                  }
               ]
            },
            {
               "fileName": "modresorts-1_0_war.ear/modresorts-1.0.war/WEB-INF/lib/commons-codec-1.10.jar",
               "details": [
                  {
                     "reference": null,
                     "match": ".*(\\.war|\\.jar)",
                     "lineNumber": 0
                  }
               ]
            },
            {
               "fileName": "modresorts-1_0_war.ear/modresorts-1.0.war/WEB-INF/lib/commons-fileupload-1.3.3.jar",
               "details": [
                  {
                     "reference": null,
                     "match": ".*(\\.war|\\.jar)",
                     "lineNumber": 0
                  }
               ]
            },
            {
               "fileName": "modresorts-1_0_war.ear/modresorts-1.0.war/WEB-INF/lib/commons-io-1.4.jar",
               "details": [
                  {
                     "reference": null,
                     "match": ".*(\\.war|\\.jar)",
                     "lineNumber": 0
                  }
               ]
            },
            {
               "fileName": "modresorts-1_0_war.ear/modresorts-1.0.war/WEB-INF/lib/commons-logging-1.1.3.jar",
               "details": [
                  {
                     "reference": null,
                     "match": ".*(\\.war|\\.jar)",
                     "lineNumber": 0
                  }
               ]
            },
            {
               "fileName": "modresorts-1_0_war.ear/modresorts-1.0.war/WEB-INF/lib/httpclient-4.5.5.jar",
               "details": [
                  {
                     "reference": null,
                     "match": ".*(\\.war|\\.jar)",
                     "lineNumber": 0
                  }
               ]
            },
            {
               "fileName": "modresorts-1_0_war.ear/modresorts-1.0.war/WEB-INF/lib/httpcore-4.4.9.jar",
               "details": [
                  {
                     "reference": null,
                     "match": ".*(\\.war|\\.jar)",
                     "lineNumber": 0
                  }
               ]
            },
            {
               "fileName": "modresorts-1_0_war.ear/modresorts-1.0.war/WEB-INF/lib/httpmime-4.5.5.jar",
               "details": [
                  {
                     "reference": null,
                     "match": ".*(\\.war|\\.jar)",
                     "lineNumber": 0
                  }
               ]
            },
            {
               "fileName": "modresorts-1_0_war.ear/modresorts-1.0.war/WEB-INF/lib/json-20180130.jar",
               "details": [
                  {
                     "reference": null,
                     "match": ".*(\\.war|\\.jar)",
                     "lineNumber": 0
                  }
               ]
            }
         ]
      }
   ]
}