{
  "productInf": [
    {
      "id": "HV",
      "name": "IBM WebSphere Application Server Network Deployment Patterns",
      "buildLevel": "v22X_1632.04",
      "buildDate": "",
      "version": "2.2.2.0"
    },
    {
      "id": "JAVA8",
      "name": "IBM SDK, Java Technology Edition, Version 8",
      "buildLevel": "pxa6480sr3-20160428_01",
      "buildDate": "04/28/16",
      "version": "8.0.3.0"
    },
    {
      "id": "ND",
      "name": "IBM WebSphere Application Server Network Deployment",
      "buildLevel": "gm1621.04",
      "buildDate": "5/26/16",
      "version": "9.0.0.0"
    }
  ],
  "profiles": [
    {
      "profilePath": "/opt/IBM/WebSphere/Profiles/DefaultAppSrv01",
      "appsInfo": [],
      "webSphereVersion": "was70",
      "cellName": "CloudBurstCell_11528813796650",
      "assessUnitNames": [
        "modresorts-1.0.war"
      ],
      "contextRoots": {
        "modresorts-1.0.war": "/resorts"
      },
      "appsFound": true,
      "isStandalone": true,
      "name": "DefaultAppSrv01",
      "jarsInSharedLibarary": 0,
      "serverClasspath": [],
      "javaVersion": "ibm8",
      "applications": [
        "/opt/IBM/WebSphere/Profiles/DefaultAppSrv01/config/cells/CloudBurstCell_11528813796650/applications/modresorts-1.0.war/modresorts-1.0.war"
      ],
      "archive": {
        "archiveType": "profile",
        "host": "fit-vm17-23.rtp.raleigh.ibm.com",
        "assessmentUnits": [
          "modresorts-1.0.war"
        ],
        "middleware": "was",
        "domain": "javaAppServer",
        "archiveName": "DefaultAppSrv01",
        "dcVersion": "1.9.4"
      },
      "webSphereVariables": [
        {
          "scope": "servers:defaultZOS",
          "name": "SERVER_LOG_ROOT",
          "value": "${LOG_ROOT}/server1"
        },
        {
          "scope": "servers:DeveloperServer",
          "name": "SERVER_LOG_ROOT",
          "value": "${LOG_ROOT}/server1"
        },
        {
          "scope": "servers:DeveloperServer",
          "name": "WAS_SERVER_NAME",
          "value": "server1"
        },
        {
          "scope": "servers:nodeagent",
          "name": "WAS_SERVER_NAME",
          "value": "nodeagent"
        },
        {
          "scope": "cells:CloudBurstCell_11528813796650",
          "name": "WAS_CELL_NAME",
          "value": "CloudBurstCell_11528813796650"
        },
        {
          "scope": "cells:CloudBurstCell_11528813796650",
          "name": "GRID_JOBLOG_ROOT",
          "value": "${USER_INSTALL_ROOT}"
        },
        {
          "scope": "cells:CloudBurstCell_11528813796650",
          "name": "DERBY_JDBC_DRIVER_PATH",
          "value": "${WAS_INSTALL_ROOT}/derby/lib"
        },
        {
          "scope": "cells:CloudBurstCell_11528813796650",
          "name": "GRID_ENDPOINT_DATASOURCE",
          "value": "jdbc/pgc"
        },
        {
          "scope": "nodes:CloudBurstNode_11528813796650",
          "name": "WAS_INSTALL_ROOT",
          "value": "/opt/IBM/WebSphere/AppServer"
        },
        {
          "scope": "nodes:CloudBurstNode_11528813796650",
          "name": "USER_INSTALL_ROOT",
          "value": "/opt/IBM/WebSphere/Profiles/DefaultAppSrv01"
        },
        {
          "scope": "nodes:CloudBurstNode_11528813796650",
          "name": "WAS_LIBS_DIR",
          "value": "${WAS_INSTALL_ROOT}/lib"
        },
        {
          "scope": "nodes:CloudBurstNode_11528813796650",
          "name": "WAS_PROPS_DIR",
          "value": "${USER_INSTALL_ROOT}/properties"
        },
        {
          "scope": "nodes:CloudBurstNode_11528813796650",
          "name": "WAS_TEMP_DIR",
          "value": "${USER_INSTALL_ROOT}/temp"
        },
        {
          "scope": "nodes:CloudBurstNode_11528813796650",
          "name": "APP_INSTALL_ROOT",
          "value": "${USER_INSTALL_ROOT}/installedApps"
        },
        {
          "scope": "nodes:CloudBurstNode_11528813796650",
          "name": "LOG_ROOT",
          "value": "${USER_INSTALL_ROOT}/logs"
        },
        {
          "scope": "nodes:CloudBurstNode_11528813796650",
          "name": "DRIVER_PATH",
          "value": "${WAS_INSTALL_ROOT}"
        },
        {
          "scope": "nodes:CloudBurstNode_11528813796650",
          "name": "JAVA_HOME",
          "value": "${WAS_INSTALL_ROOT}/java/8.0"
        },
        {
          "scope": "nodes:CloudBurstNode_11528813796650",
          "name": "MQ_INSTALL_ROOT",
          "value": "${WAS_INSTALL_ROOT}/lib/WMQ"
        },
        {
          "scope": "nodes:CloudBurstNode_11528813796650",
          "name": "DEPLOY_TOOL_ROOT",
          "value": "${WAS_INSTALL_ROOT}/deploytool/itp"
        },
        {
          "scope": "nodes:CloudBurstNode_11528813796650",
          "name": "CONNECTOR_INSTALL_ROOT",
          "value": "${USER_INSTALL_ROOT}/installedConnectors"
        },
        {
          "scope": "nodes:CloudBurstNode_11528813796650",
          "name": "WAS_ETC_DIR",
          "value": "${USER_INSTALL_ROOT}/etc"
        },
        {
          "scope": "nodes:CloudBurstNode_11528813796650",
          "name": "UNIVERSAL_JDBC_DRIVER_PATH",
          "value": "${WAS_INSTALL_ROOT}/universalDriver/lib"
        },
        {
          "scope": "nodes:CloudBurstNode_11528813796650",
          "name": "DERBY_JDBC_DRIVER_PATH",
          "value": "${WAS_INSTALL_ROOT}/derby/lib"
        },
        {
          "scope": "nodes:CloudBurstNode_11528813796650",
          "name": "WAS_INSTALL_LIBRARY",
          "value": "$(was.install.library)"
        },
        {
          "scope": "nodes:CloudBurstNode_11528813796650",
          "name": "LOCALHOST_NAME",
          "value": "localhost"
        },
        {
          "scope": "servers:server1",
          "name": "SERVER_LOG_ROOT",
          "value": "${LOG_ROOT}/server1"
        },
        {
          "scope": "servers:server1",
          "name": "WAS_SERVER_NAME",
          "value": "server1"
        }
      ]
    }
  ]
}
