{
  "archiveType": "profile",
  "host": "fit-vm17-23.rtp.raleigh.ibm.com",
  "serverXml": {
    "server": {
      "httpEndpoint": {
        "id": "defaultHttpEndpoint",
        "host": "*",
        "httpPort": 9080,
        "httpsPort": 9443
      },
      "featureManager": {
        "feature": [
          "servlet-3.1",
          "ejbRemote-3.2",
          "jsp-2.3",
          "jndi-1.0",
          "ejbLite-3.2"
        ]
      },
      "variable": {
        "name": "DERBY_JDBC_DRIVER_PATH",
        "value": "/config/lib"
      },
      "applicationManager": {
        "autoExpand": true
      }
    }
  },
  "middleware": "was",
  "domain": "javaAppServer",
  "archiveName": "DefaultAppSrv01",
  "dcVersion": "1.9.4",
  "assessmentUnitName": "modresorts-1.0.war"
}
