{
   "report": "analysis",
   "version": "1.2",
   "productVersion": "9.0",
   "productRelease": "18.0.0.2",
   "options": [
      "--sourceAppServer=was70",
      "--sourceJava=ibm8",
      "--targetAppServer=was90",
      "--targetJava=ibm8",
      "--targetJavaEE=ee7",
      "--targetCloud=vmIBMCloud",
      "--excludePackages=com.ibm,com.informix,com.microsoft,com.sybase,com.sun,java,javax,net,oracle,org,sqlj,_ibmjsp"
   ],
   "totalRulesFlagged": 1,
   "filesAffected": 9,
   "totalResults": 9,
   "severitySummary": [
      {
         "severity": "Warning",
         "totalRulesFlagged": 1,
         "totalResults": 9
      }
   ],
   "applications": [
      "/opt/IBM/WebSphere/Profiles/DefaultAppSrv01/config/cells/CloudBurstCell_11528813796650/applications/modresorts-1_0.war/modresorts-1_0.war"
   ],
   "rules": [
      {
         "ruleName": "CDI scans for implicit beans when there is no beans.xml file",
         "ruleId": "MissingBeansFile",
         "severity": "Warning",
         "category": "Java EE 7 / CDI",
         "results": [
            {
               "fileName": "modresorts-1_0.war/modresorts-1.0.war",
               "details": [
                  {
                     "reference": null,
                     "match": ".*(\\.war|\\.jar)",
                     "lineNumber": 0
                  }
               ]
            },
            {
               "fileName": "modresorts-1_0.war/modresorts-1.0.war/WEB-INF/lib/commons-codec-1.10.jar",
               "details": [
                  {
                     "reference": null,
                     "match": ".*(\\.war|\\.jar)",
                     "lineNumber": 0
                  }
               ]
            },
            {
               "fileName": "modresorts-1_0.war/modresorts-1.0.war/WEB-INF/lib/commons-fileupload-1.3.3.jar",
               "details": [
                  {
                     "reference": null,
                     "match": ".*(\\.war|\\.jar)",
                     "lineNumber": 0
                  }
               ]
            },
            {
               "fileName": "modresorts-1_0.war/modresorts-1.0.war/WEB-INF/lib/commons-io-1.4.jar",
               "details": [
                  {
                     "reference": null,
                     "match": ".*(\\.war|\\.jar)",
                     "lineNumber": 0
                  }
               ]
            },
            {
               "fileName": "modresorts-1_0.war/modresorts-1.0.war/WEB-INF/lib/commons-logging-1.1.3.jar",
               "details": [
                  {
                     "reference": null,
                     "match": ".*(\\.war|\\.jar)",
                     "lineNumber": 0
                  }
               ]
            },
            {
               "fileName": "modresorts-1_0.war/modresorts-1.0.war/WEB-INF/lib/httpclient-4.5.5.jar",
               "details": [
                  {
                     "reference": null,
                     "match": ".*(\\.war|\\.jar)",
                     "lineNumber": 0
                  }
               ]
            },
            {
               "fileName": "modresorts-1_0.war/modresorts-1.0.war/WEB-INF/lib/httpcore-4.4.9.jar",
               "details": [
                  {
                     "reference": null,
                     "match": ".*(\\.war|\\.jar)",
                     "lineNumber": 0
                  }
               ]
            },
            {
               "fileName": "modresorts-1_0.war/modresorts-1.0.war/WEB-INF/lib/httpmime-4.5.5.jar",
               "details": [
                  {
                     "reference": null,
                     "match": ".*(\\.war|\\.jar)",
                     "lineNumber": 0
                  }
               ]
            },
            {
               "fileName": "modresorts-1_0.war/modresorts-1.0.war/WEB-INF/lib/json-20180130.jar",
               "details": [
                  {
                     "reference": null,
                     "match": ".*(\\.war|\\.jar)",
                     "lineNumber": 0
                  }
               ]
            }
         ]
      }
   ]
}
