<?xml version="1.0" encoding="UTF-8"?><server>
<!--These elements have been identified from this application's configuration.-->
<featureManager>
<feature>servlet-4.0</feature>
<feature>jsp-2.3</feature>
</featureManager>
<httpEndpoint host="*" httpPort="9080" httpsPort="9443" id="defaultHttpEndpoint"/>
<!-- <variable name="DERBY_JDBC_DRIVER_PATH" value="${WAS_INSTALL_ROOT}/derby/lib"/> -->
<variable name="DERBY_JDBC_DRIVER_PATH" value="/config/lib"/>
<applicationManager autoExpand="true"/>
</server>
