{
   "report": "inventory",
   "version": "2.3",
   "productVersion": "9.0",
   "productRelease": "18.0.0.2",
   "options": [
      "--excludePackages=com.ibm,com.informix,com.microsoft,com.sybase,com.sun,java,javax,net,oracle,org,sqlj,_ibmjsp"
   ],
   "applications": [
      "/opt/IBM/WebSphere/Profiles/DefaultAppSrv01/config/cells/CloudBurstCell_11528813796650/applications/modresorts-1.0.war/modresorts-1.0.war"
   ],
   "sharedLibraries": [
   ],
   "archives": {
      "ears": 1,
      "wars": 1,
      "rars": 0,
      "ejbs": 0,
      "webFragments": 0,
      "utilityJars": 8,
      "appClients": 0
   },
   "summary": {
      "servlets": 1,
      "jsps": 0,
      "jpaEntities": 0,
      "bmpEntityBeans": 0,
      "cmpEntityBeans": 0,
      "messageDrivenBeans": 0,
      "singletonSessionBeans": 0,
      "statefulSessionBeans": 0,
      "statelessSessionBeans": 0,
      "jaxrpcConsumers": 0,
      "jaxrpcProviders": 0,
      "jaxrsConsumers": 0,
      "jaxrsProviders": 0,
      "jaxwsConsumers": 0,
      "jaxwsProviders": 0
   },
   "archiveInventory": [
      {
         "archiveName": "/opt/IBM/WebSphere/Profiles/DefaultAppSrv01/config/cells/CloudBurstCell_11528813796650/applications/modresorts-1.0.war/modresorts-1.0_war",
         "moduleType": "Enterprise archive",
         "moduleVersion": "7.0",
         "metadataComplete": null,
         "archives": {
            "wars": 1,
            "rars": 0,
            "ejbs": 0,
            "utilityJars": 8,
            "appClients": 0
         },
         "summary": {
            "servlets": 1,
            "jsps": 0,
            "jpaEntities": 0,
            "bmpEntityBeans": 0,
            "cmpEntityBeans": 0,
            "messageDrivenBeans": 0,
            "singletonSessionBeans": 0,
            "statefulSessionBeans": 0,
            "statelessSessionBeans": 0,
            "jaxrpcConsumers": 0,
            "jaxrpcProviders": 0,
            "jaxrsConsumers": 0,
            "jaxrsProviders": 0,
            "jaxwsConsumers": 0,
            "jaxwsProviders": 0
         },
         "potentialDeploymentProblemsSummary": {
            "archivesContainingDuplicateClasses": 0,
            "archivesContainingJavaEEorSEClasses": 0,
            "archivesContainingConflictingOpenSourceSoftwareClasses": 7,
            "archivesContainingWebSphereClasses": 0,
            "archivesNotReferencedInTheApplication": 7,
            "archivesWithMissingDependenciesInTheApplication": 2,
            "classesWithSystemLevelJVMConfiguration": 0,
            "sharedLibrariesReferencingApplicationClasses": 0
         },
         "potentialDeploymentProblemsDetails": [
            {
               "duplicateClassesWithinClassLoader": [
               ]
            },
            {
               "duplicateClassesAcrossApplication": [
               ]
            },
            {
               "javaEEandSEClasses": [
               ]
            },
            {
               "duplicateWebSphereClasses": [
               ]
            },
            {
               "openSourceSoftwareClasses": [
                  {
                     "conflictingPackages": [
                        "org.apache.commons.codec.binary"
                     ],
                     "packageLocation": [
                        "modresorts-1.0.war/WEB-INF/lib/commons-codec-1.10.jar"
                     ],
                     "appliesTo": [
                        "V8.5.5",
                        "V9.0"
                     ]
                  },
                  {
                     "conflictingPackages": [
                        "org.apache.commons.fileupload",
                        "org.apache.commons.fileupload.disk",
                        "org.apache.commons.fileupload.portlet",
                        "org.apache.commons.fileupload.servlet",
                        "org.apache.commons.fileupload.util",
                        "org.apache.commons.fileupload.util.mime"
                     ],
                     "packageLocation": [
                        "modresorts-1.0.war/WEB-INF/lib/commons-fileupload-1.3.3.jar"
                     ],
                     "appliesTo": [
                        "V8.5.5",
                        "V9.0"
                     ]
                  },
                  {
                     "conflictingPackages": [
                        "org.apache.commons.io",
                        "org.apache.commons.io.comparator",
                        "org.apache.commons.io.filefilter",
                        "org.apache.commons.io.input",
                        "org.apache.commons.io.output"
                     ],
                     "packageLocation": [
                        "modresorts-1.0.war/WEB-INF/lib/commons-io-1.4.jar"
                     ],
                     "appliesTo": [
                        "V8.5.5",
                        "V9.0"
                     ]
                  },
                  {
                     "conflictingPackages": [
                        "org.apache.commons.logging",
                        "org.apache.commons.logging.impl"
                     ],
                     "packageLocation": [
                        "modresorts-1.0.war/WEB-INF/lib/commons-logging-1.1.3.jar"
                     ],
                     "appliesTo": [
                        "V8.5.5",
                        "V9.0"
                     ]
                  },
                  {
                     "conflictingPackages": [
                        "org.apache.http",
                        "org.apache.http.annotation",
                        "org.apache.http.concurrent",
                        "org.apache.http.config",
                        "org.apache.http.entity",
                        "org.apache.http.impl",
                        "org.apache.http.impl.bootstrap",
                        "org.apache.http.impl.entity",
                        "org.apache.http.impl.io",
                        "org.apache.http.impl.pool",
                        "org.apache.http.io",
                        "org.apache.http.message",
                        "org.apache.http.params",
                        "org.apache.http.pool",
                        "org.apache.http.protocol",
                        "org.apache.http.ssl",
                        "org.apache.http.util"
                     ],
                     "packageLocation": [
                        "modresorts-1.0.war/WEB-INF/lib/httpcore-4.4.9.jar"
                     ],
                     "appliesTo": [
                        "V8.5.5"
                     ]
                  },
                  {
                     "conflictingPackages": [
                        "org.apache.http.auth",
                        "org.apache.http.auth.params",
                        "org.apache.http.client",
                        "org.apache.http.client.config",
                        "org.apache.http.client.entity",
                        "org.apache.http.client.methods",
                        "org.apache.http.client.params",
                        "org.apache.http.client.protocol",
                        "org.apache.http.client.utils",
                        "org.apache.http.conn",
                        "org.apache.http.conn.params",
                        "org.apache.http.conn.routing",
                        "org.apache.http.conn.scheme",
                        "org.apache.http.conn.socket",
                        "org.apache.http.conn.ssl",
                        "org.apache.http.conn.util",
                        "org.apache.http.cookie",
                        "org.apache.http.cookie.params",
                        "org.apache.http.impl.auth",
                        "org.apache.http.impl.client",
                        "org.apache.http.impl.conn",
                        "org.apache.http.impl.conn.tsccm",
                        "org.apache.http.impl.cookie",
                        "org.apache.http.impl.execchain"
                     ],
                     "packageLocation": [
                        "modresorts-1.0.war/WEB-INF/lib/httpclient-4.5.5.jar"
                     ],
                     "appliesTo": [
                        "V8.5.5"
                     ]
                  },
                  {
                     "conflictingPackages": [
                        "org.apache.http.entity.mime",
                        "org.apache.http.entity.mime.content"
                     ],
                     "packageLocation": [
                        "modresorts-1.0.war/WEB-INF/lib/httpmime-4.5.5.jar"
                     ],
                     "appliesTo": [
                        "V8.5.5"
                     ]
                  }
               ]
            },
            {
               "archivesNotReferenced": [
                  {
                     "archive": "modresorts-1.0.war/WEB-INF/lib/commons-codec-1.10.jar",
                     "referencedBy": "modresorts-1.0.war/WEB-INF/lib/httpclient-4.5.5.jar"
                  },
                  {
                     "archive": "modresorts-1.0.war/WEB-INF/lib/commons-fileupload-1.3.3.jar",
                     "referencedBy": ""
                  },
                  {
                     "archive": "modresorts-1.0.war/WEB-INF/lib/commons-io-1.4.jar",
                     "referencedBy": "modresorts-1.0.war/WEB-INF/lib/commons-fileupload-1.3.3.jar"
                  },
                  {
                     "archive": "modresorts-1.0.war/WEB-INF/lib/commons-logging-1.1.3.jar",
                     "referencedBy": "modresorts-1.0.war/WEB-INF/lib/httpclient-4.5.5.jar"
                  },
                  {
                     "archive": "modresorts-1.0.war/WEB-INF/lib/httpclient-4.5.5.jar",
                     "referencedBy": ""
                  },
                  {
                     "archive": "modresorts-1.0.war/WEB-INF/lib/httpmime-4.5.5.jar",
                     "referencedBy": ""
                  },
                  {
                     "archive": "modresorts-1.0.war/WEB-INF/lib/json-20180130.jar",
                     "referencedBy": ""
                  }
               ]
            },
            {
               "missingDependencies": [
                  {
                     "missingDependencies": [
                        "org.apache.avalon.framework.logger",
                        "org.apache.log",
                        "org.apache.log4j"
                     ],
                     "archive": [
                        "modresorts-1.0.war/WEB-INF/lib/commons-logging-1.1.3.jar"
                     ]
                  },
                  {
                     "missingDependencies": [
                        "org.ietf.jgss"
                     ],
                     "archive": [
                        "modresorts-1.0.war/WEB-INF/lib/httpclient-4.5.5.jar"
                     ]
                  }
               ]
            },
            {
               "classesWithSystemLevelJVMConfiguration": [
               ]
            },
            {
               "sharedLibraryDependencies": [
               ]
            }
         ],
         "performanceConsiderations": {
            "archivesThatAreCandidatesForMetadataCompleteTrueAttribute": [
            ],
            "webModulesWithExcessiveClassFiles": [
            ],
            "webModulesWithExcessiveStaticResources": [
            ]
         },
         "containedArchiveInventory": [
            {
               "archiveName": "/opt/IBM/WebSphere/Profiles/DefaultAppSrv01/config/cells/CloudBurstCell_11528813796650/applications/modresorts-1_0.war/modresorts-1_0.war/modresorts-1.0.war",
               "moduleType": "Web module",
               "moduleVersion": "3.1",
               "metadataComplete": "Unspecified",
               "archives": {
                  "ejbs": 0,
                  "webFragments": 0,
                  "utilityJars": 8
               },
               "summary": {
                  "servlets": 1,
                  "jsps": 0,
                  "jpaEntities": 0,
                  "bmpEntityBeans": 0,
                  "cmpEntityBeans": 0,
                  "messageDrivenBeans": 0,
                  "singletonSessionBeans": 0,
                  "statefulSessionBeans": 0,
                  "statelessSessionBeans": 0,
                  "jaxrpcConsumers": 0,
                  "jaxrpcProviders": 0,
                  "jaxrsConsumers": 0,
                  "jaxrsProviders": 0,
                  "jaxwsConsumers": 0,
                  "jaxwsProviders": 0
               },
               "containedArchiveInventory": [
                  {
                     "archiveName": "/opt/IBM/WebSphere/Profiles/DefaultAppSrv01/config/cells/CloudBurstCell_11528813796650/applications/modresorts-1_0.war/modresorts-1_0.war/modresorts-1.0.war/WEB-INF/lib/commons-codec-1.10.jar",
                     "moduleType": "Utility JAR",
                     "containedPackages": [
                        "org.apache.commons"
                     ]
                  },
                  {
                     "archiveName": "/opt/IBM/WebSphere/Profiles/DefaultAppSrv01/config/cells/CloudBurstCell_11528813796650/applications/modresorts-1.0.war/modresorts-1.0.war/modresorts-1.0.war/WEB-INF/lib/commons-fileupload-1.3.3.jar",
                     "moduleType": "Utility JAR",
                     "containedPackages": [
                        "org.apache.commons"
                     ]
                  },
                  {
                     "archiveName": "/opt/IBM/WebSphere/Profiles/DefaultAppSrv01/config/cells/CloudBurstCell_11528813796650/applications/modresorts-1_0.war/modresorts-1_0.war/modresorts-1.0.war/WEB-INF/lib/commons-io-1.4.jar",
                     "moduleType": "Utility JAR",
                     "containedPackages": [
                        "org.apache.commons"
                     ]
                  },
                  {
                     "archiveName": "/opt/IBM/WebSphere/Profiles/DefaultAppSrv01/config/cells/CloudBurstCell_11528813796650/applications/modresorts-1_0.war/modresorts-1_0.war/modresorts-1.0.war/WEB-INF/lib/commons-logging-1.1.3.jar",
                     "moduleType": "Utility JAR",
                     "containedPackages": [
                        "org.apache.commons"
                     ]
                  },
                  {
                     "archiveName": "/opt/IBM/WebSphere/Profiles/DefaultAppSrv01/config/cells/CloudBurstCell_11528813796650/applications/modresorts-1_0.war/modresorts-1_0.war/modresorts-1.0.war/WEB-INF/lib/httpclient-4.5.5.jar",
                     "moduleType": "Utility JAR",
                     "containedPackages": [
                        "org.apache.http"
                     ]
                  },
                  {
                     "archiveName": "/opt/IBM/WebSphere/Profiles/DefaultAppSrv01/config/cells/CloudBurstCell_11528813796650/applications/modresorts-1_0.war/modresorts-1_0.war/modresorts-1.0.war/WEB-INF/lib/httpcore-4.4.9.jar",
                     "moduleType": "Utility JAR",
                     "containedPackages": [
                        "org.apache.http"
                     ]
                  },
                  {
                     "archiveName": "/opt/IBM/WebSphere/Profiles/DefaultAppSrv01/config/cells/CloudBurstCell_11528813796650/applications/modresorts-1_0.war/modresorts-1_0.war/modresorts-1.0.war/WEB-INF/lib/httpmime-4.5.5.jar",
                     "moduleType": "Utility JAR",
                     "containedPackages": [
                        "org.apache.http"
                     ]
                  },
                  {
                     "archiveName": "/opt/IBM/WebSphere/Profiles/DefaultAppSrv01/config/cells/CloudBurstCell_11528813796650/applications/modresorts-1_0.war/modresorts-1_0.war/modresorts-1.0.war/WEB-INF/lib/json-20180130.jar",
                     "moduleType": "Utility JAR",
                     "containedPackages": [
                        "org.json"
                     ]
                  }
               ]
            }
         ]
      }
   ],
   "sharedLibraryDetails": [
   ]
}
