{
  "metadata_version": "1.0.0.1",
  "name": "ECB.RATES",
  "version": "9.0.2.0",
  "chadexit": "",
  "clwlexit": "",
  "connAuth": "SYSTEM.DEFAULT.AUTHINFO.IDPWOS",
  "clusters": [],
  "channels": [
    {
      "name": "SYSTEM.ADMIN.SVRCONN",
      "type": 7,
      "mcatype": 0
    },
    {
      "name": "SYSTEM.AUTO.RECEIVER",
      "type": 3,
      "mcatype": 0
    },
    {
      "name": "SYSTEM.AUTO.SVRCONN",
      "type": 7,
      "mcatype": 0
    },
    {
      "name": "SYSTEM.DEF.AMQP",
      "type": 11,
      "mcatype": 0
    },
    {
      "name": "SYSTEM.DEF.CLUSRCVR",
      "type": 8,
      "mcatype": 2
    },
    {
      "name": "SYSTEM.DEF.CLUSSDR",
      "type": 9,
      "mcatype": 2,
      "mcausers": [
        ""
      ]
    },
    {
      "name": "SYSTEM.DEF.RECEIVER",
      "type": 3,
      "mcatype": 0
    },
    {
      "name": "SYSTEM.DEF.REQUESTER",
      "type": 4,
      "mcatype": 1,
      "mcausers": [
        ""
      ]
    },
    {
      "name": "SYSTEM.DEF.SENDER",
      "type": 1,
      "mcatype": 1,
      "mcausers": [
        ""
      ]
    },
    {
      "name": "SYSTEM.DEF.SERVER",
      "type": 2,
      "mcatype": 1,
      "mcausers": [
        ""
      ]
    },
    {
      "name": "SYSTEM.DEF.SVRCONN",
      "type": 7,
      "mcatype": 0
    },
    {
      "name": "SYSTEM.DEF.CLNTCONN",
      "type": 6,
      "mcatype": 0,
      "mcausers": [
        ""
      ]
    }
  ],
  "queues": [
    {
      "name": "DAILY.RATES",
      "description": "",
      "clusterName": "",
      "clwlPriority": 0,
      "clwlRank": 0,
      "defBind": "MQBND_BIND_ON_OPEN",
      "inhibitPut": "MQQA_PUT_ALLOWED"
    },
    {
      "name": "CALCULATING.INPUT",
      "description": "",
      "clusterName": "",
      "clwlPriority": 0,
      "clwlRank": 0,
      "defBind": "MQBND_BIND_ON_OPEN",
      "inhibitPut": "MQQA_PUT_ALLOWED"
    },
    {
      "name": "CALCULATING.OUTPUT",
      "description": "",
      "clusterName": "",
      "clwlPriority": 0,
      "clwlRank": 0,
      "defBind": "MQBND_BIND_ON_OPEN",
      "inhibitPut": "MQQA_PUT_ALLOWED"
    }
  ],
  "topics": [],
  "security": {
    "authentication": "IDPWOS",
    "authRecord": [
      {
        "type": "queue",
        "object": "MQ9Inst",
        "osGroup": "mqm"
      },
      {
        "type": "queue",
        "object": "MQ9Inst",
        "osGroup": "root"
      }
    ]
  },
  "qmini": {
    "capabilties": {
      "TCP": [
        {
          "name": "TCP",
          "properties": {
            "RcvBuffSize": "0",
            "ClntRcvBuffSize": "0",
            "RcvRcvBuffSize": "0",
            "SndBuffSize": "0",
            "SvrRcvBuffSize": "0",
            "RcvSndBuffSize": "0",
            "SvrSndBuffSize": "0",
            "ClntSndBuffSize": "0"
          }
        }
      ],
      "ExitPath": [
        {
          "name": "ExitPath",
          "properties": {
            "ExitsDefaultPath64": "/var/mqm/exits64",
            "ExitsDefaultPath": "/var/mqm/exits"
          }
        }
      ],
      "Log": [
        {
          "name": "Log",
          "properties": {
            "LogFilePages": "4096",
            "LogPrimaryFiles": "3",
            "LogPath": "/var/mqm/log/MQ9Inst/",
            "LogBufferPages": "0",
            "LogSecondaryFiles": "2",
            "LogWriteIntegrity": "TripleWrite",
            "LogType": "CIRCULAR"
          }
        }
      ],
      "ServiceComponent": [
        {
          "name": "ServiceComponent",
          "properties": {
            "ComponentDataSize": "0",
            "Name": "MQSeries.UNIX.auth.service",
            "Module": "amqzfu",
            "Service": "AuthorizationService"
          }
        }
      ],
      "Service": [
        {
          "name": "Service",
          "properties": {
            "Name": "AuthorizationService",
            "EntryPoints": "14"
          }
        }
      ]
    }
  },
  "mqsini": {
    "capabilties": {
      "LogDefaults": [
        {
          "name": "LogDefaults",
          "properties": {
            "LogDefaultPath": "/var/mqm/log"
          }
        }
      ],
      "AllQueueManagers": [
        {
          "name": "AllQueueManagers",
          "properties": {
            "DefaultPrefix": "/var/mqm"
          }
        }
      ],
      "QueueManager": [
        {
          "name": "QueueManager",
          "properties": {
            "Name": "TEST",
            "Directory": "TEST",
            "InstallationName": "Installation1",
            "Prefix": "/var/mqm"
          }
        },
        {
          "name": "QueueManager",
          "properties": {
            "Name": "TEST1",
            "Directory": "TEST1",
            "InstallationName": "Installation1",
            "Prefix": "/var/mqm"
          }
        },
        {
          "name": "QueueManager",
          "properties": {
            "Name": "TEST3",
            "Directory": "TEST3",
            "InstallationName": "Installation1",
            "Prefix": "/var/mqm"
          }
        },
        {
          "name": "QueueManager",
          "properties": {
            "Name": "MQ9Inst",
            "Directory": "MQ9Inst",
            "InstallationName": "Installation1",
            "Prefix": "/var/mqm"
          }
        },
        {
          "name": "QueueManager",
          "properties": {
            "Name": "QM1",
            "Directory": "QM1",
            "InstallationName": "Installation1",
            "Prefix": "/var/mqm"
          }
        }
      ]
    }
  },
  "processes": [
    {
      "name": "SYSTEM.DEFAULT.PROCESS",
      "description": ""
    }
  ],
  "services": [
    {
      "name": "SYSTEM.AMQP.SERVICE",
      "description": "Manages clients that use the AMQP protocol"
    },
    {
      "name": "SYSTEM.DEFAULT.SERVICE",
      "description": ""
    }
  ]
}